<ImportExportXml version="8.2.0000.0749" SolutionPackageVersion="8.2" languagecode="1033" generatedBy="OnPremise" xmlns:xsi="http://www.w3.org/2001/XMLSchema-instance">
  <SolutionManifest>
    <UniqueName>PlusDevWorkflows</UniqueName>
    <LocalizedNames>
      <LocalizedName description="PlusDevWorkflows" languagecode="1033" />
    </LocalizedNames>
    <Descriptions />
    <Version>1.0.0.0</Version>
    <Managed>0</Managed>
    <Publisher>
      <UniqueName>plusdev</UniqueName>
      <LocalizedNames>
        <LocalizedName description="PlusDev" languagecode="1033" />
      </LocalizedNames>
      <Descriptions />
      <EMailAddress>info@360plus.ca</EMailAddress>
      <SupportingWebsiteUrl>http://www.360plus.ca</SupportingWebsiteUrl>
      <CustomizationPrefix>tsp</CustomizationPrefix>
      <CustomizationOptionValuePrefix>86591</CustomizationOptionValuePrefix>
      <Addresses>
        <Address>
          <AddressNumber>1</AddressNumber>
          <AddressTypeCode>1</AddressTypeCode>
          <City xsi:nil="true"></City>
          <County xsi:nil="true"></County>
          <Country xsi:nil="true"></Country>
          <Fax xsi:nil="true"></Fax>
          <FreightTermsCode xsi:nil="true"></FreightTermsCode>
          <ImportSequenceNumber xsi:nil="true"></ImportSequenceNumber>
          <Latitude xsi:nil="true"></Latitude>
          <Line1 xsi:nil="true"></Line1>
          <Line2 xsi:nil="true"></Line2>
          <Line3 xsi:nil="true"></Line3>
          <Longitude xsi:nil="true"></Longitude>
          <Name xsi:nil="true"></Name>
          <PostalCode xsi:nil="true"></PostalCode>
          <PostOfficeBox xsi:nil="true"></PostOfficeBox>
          <PrimaryContactName xsi:nil="true"></PrimaryContactName>
          <ShippingMethodCode>1</ShippingMethodCode>
          <StateOrProvince xsi:nil="true"></StateOrProvince>
          <Telephone1>647-800-3132</Telephone1>
          <Telephone2 xsi:nil="true"></Telephone2>
          <Telephone3 xsi:nil="true"></Telephone3>
          <TimeZoneRuleVersionNumber xsi:nil="true"></TimeZoneRuleVersionNumber>
          <UPSZone xsi:nil="true"></UPSZone>
          <UTCOffset xsi:nil="true"></UTCOffset>
          <UTCConversionTimeZoneCode xsi:nil="true"></UTCConversionTimeZoneCode>
        </Address>
        <Address>
          <AddressNumber>2</AddressNumber>
          <AddressTypeCode>1</AddressTypeCode>
          <City xsi:nil="true"></City>
          <County xsi:nil="true"></County>
          <Country xsi:nil="true"></Country>
          <Fax xsi:nil="true"></Fax>
          <FreightTermsCode xsi:nil="true"></FreightTermsCode>
          <ImportSequenceNumber xsi:nil="true"></ImportSequenceNumber>
          <Latitude xsi:nil="true"></Latitude>
          <Line1 xsi:nil="true"></Line1>
          <Line2 xsi:nil="true"></Line2>
          <Line3 xsi:nil="true"></Line3>
          <Longitude xsi:nil="true"></Longitude>
          <Name xsi:nil="true"></Name>
          <PostalCode xsi:nil="true"></PostalCode>
          <PostOfficeBox xsi:nil="true"></PostOfficeBox>
          <PrimaryContactName xsi:nil="true"></PrimaryContactName>
          <ShippingMethodCode>1</ShippingMethodCode>
          <StateOrProvince xsi:nil="true"></StateOrProvince>
          <Telephone1 xsi:nil="true"></Telephone1>
          <Telephone2 xsi:nil="true"></Telephone2>
          <Telephone3 xsi:nil="true"></Telephone3>
          <TimeZoneRuleVersionNumber xsi:nil="true"></TimeZoneRuleVersionNumber>
          <UPSZone xsi:nil="true"></UPSZone>
          <UTCOffset xsi:nil="true"></UTCOffset>
          <UTCConversionTimeZoneCode xsi:nil="true"></UTCConversionTimeZoneCode>
        </Address>
      </Addresses>
    </Publisher>
    <RootComponents>
      <RootComponent type="29" id="{0e57d66b-22a2-4781-9aae-718d91a373a1}" behavior="0" />
      <RootComponent type="29" id="{6431f973-5fdc-4d7f-a840-f744baba3c3b}" behavior="0" />
      <RootComponent type="29" id="{eedb66a5-d3bb-4470-82a8-30f2a9a5ec3c}" behavior="0" />
    </RootComponents>
    <MissingDependencies>
      <MissingDependency>
        <Required key="0" type="1" schemaName="tsp_accountaddresses" displayName="Account Addresses" solution="Active" />
        <Dependent key="1" type="29" displayName="Create Billing Address for new Account in Custom Entity" id="{0e57d66b-22a2-4781-9aae-718d91a373a1}" />
      </MissingDependency>
      <MissingDependency>
        <Required key="2" type="2" schemaName="tsp_name" displayName="Name" parentSchemaName="tsp_accountaddresses" parentDisplayName="Account Addresses" solution="Active" />
        <Dependent key="1" type="29" displayName="Create Billing Address for new Account in Custom Entity" id="{0e57d66b-22a2-4781-9aae-718d91a373a1}" />
      </MissingDependency>
      <MissingDependency>
        <Required key="3" type="2" schemaName="tsp_spireid" displayName="SpireID" parentSchemaName="tsp_accountaddresses" parentDisplayName="Account Addresses" solution="Active" />
        <Dependent key="1" type="29" displayName="Create Billing Address for new Account in Custom Entity" id="{0e57d66b-22a2-4781-9aae-718d91a373a1}" />
      </MissingDependency>
      <MissingDependency>
        <Required key="4" type="2" schemaName="tsp_account" displayName="Account" parentSchemaName="tsp_accountaddresses" parentDisplayName="Account Addresses" solution="Active" />
        <Dependent key="1" type="29" displayName="Create Billing Address for new Account in Custom Entity" id="{0e57d66b-22a2-4781-9aae-718d91a373a1}" />
      </MissingDependency>
      <MissingDependency>
        <Required key="5" type="2" schemaName="tsp_accountaddressesid" displayName="Account Addresses" parentSchemaName="tsp_accountaddresses" parentDisplayName="Account Addresses" solution="Active" />
        <Dependent key="1" type="29" displayName="Create Billing Address for new Account in Custom Entity" id="{0e57d66b-22a2-4781-9aae-718d91a373a1}" />
      </MissingDependency>
      <MissingDependency>
        <Required key="6" type="2" schemaName="tsp_billingaddressid" displayName="BillingAddressID" parentSchemaName="account" parentDisplayName="Account" solution="Active" />
        <Dependent key="1" type="29" displayName="Create Billing Address for new Account in Custom Entity" id="{0e57d66b-22a2-4781-9aae-718d91a373a1}" />
      </MissingDependency>
      <MissingDependency>
        <Required key="7" type="2" schemaName="tsp_salescontactphone" displayName="Sales Contact  Phone" parentSchemaName="customeraddress" parentDisplayName="Address" solution="Active" />
        <Dependent key="8" type="29" displayName="Create Contact from Address" id="{6431f973-5fdc-4d7f-a840-f744baba3c3b}" />
      </MissingDependency>
      <MissingDependency>
        <Required key="9" type="2" schemaName="tsp_accountingcontactphone" displayName="Accounting Contact Phone" parentSchemaName="customeraddress" parentDisplayName="Address" solution="Active" />
        <Dependent key="8" type="29" displayName="Create Contact from Address" id="{6431f973-5fdc-4d7f-a840-f744baba3c3b}" />
      </MissingDependency>
      <MissingDependency>
        <Required key="10" type="2" schemaName="tsp_salescontactemail" displayName="Sales Contact Email" parentSchemaName="customeraddress" parentDisplayName="Address" solution="Active" />
        <Dependent key="8" type="29" displayName="Create Contact from Address" id="{6431f973-5fdc-4d7f-a840-f744baba3c3b}" />
      </MissingDependency>
      <MissingDependency>
        <Required key="11" type="2" schemaName="tsp_accountingcontactfax" displayName="Accounting Contact Fax" parentSchemaName="customeraddress" parentDisplayName="Address" solution="Active" />
        <Dependent key="8" type="29" displayName="Create Contact from Address" id="{6431f973-5fdc-4d7f-a840-f744baba3c3b}" />
      </MissingDependency>
      <MissingDependency>
        <Required key="12" type="2" schemaName="tsp_maincontactphone" displayName="Main Contact Phone" parentSchemaName="customeraddress" parentDisplayName="Address" solution="Active" />
        <Dependent key="8" type="29" displayName="Create Contact from Address" id="{6431f973-5fdc-4d7f-a840-f744baba3c3b}" />
      </MissingDependency>
      <MissingDependency>
        <Required key="13" type="2" schemaName="tsp_salescontactfax" displayName="Sales Contact Fax" parentSchemaName="customeraddress" parentDisplayName="Address" solution="Active" />
        <Dependent key="8" type="29" displayName="Create Contact from Address" id="{6431f973-5fdc-4d7f-a840-f744baba3c3b}" />
      </MissingDependency>
      <MissingDependency>
        <Required key="14" type="2" schemaName="tsp_contactforaddress" displayName="Contact for Address" parentSchemaName="contact" parentDisplayName="Contact" solution="Active" />
        <Dependent key="8" type="29" displayName="Create Contact from Address" id="{6431f973-5fdc-4d7f-a840-f744baba3c3b}" />
      </MissingDependency>
      <MissingDependency>
        <Required key="15" type="2" schemaName="tsp_salescontactname" displayName="Sales Contact Name" parentSchemaName="customeraddress" parentDisplayName="Address" solution="Active" />
        <Dependent key="8" type="29" displayName="Create Contact from Address" id="{6431f973-5fdc-4d7f-a840-f744baba3c3b}" />
      </MissingDependency>
      <MissingDependency>
        <Required key="16" type="2" schemaName="tsp_accountingcontactemail" displayName="Accounting Contact Email" parentSchemaName="customeraddress" parentDisplayName="Address" solution="Active" />
        <Dependent key="8" type="29" displayName="Create Contact from Address" id="{6431f973-5fdc-4d7f-a840-f744baba3c3b}" />
      </MissingDependency>
      <MissingDependency>
        <Required key="17" type="2" schemaName="tsp_maincontactname" displayName="Main Contact Name" parentSchemaName="customeraddress" parentDisplayName="Address" solution="Active" />
        <Dependent key="8" type="29" displayName="Create Contact from Address" id="{6431f973-5fdc-4d7f-a840-f744baba3c3b}" />
      </MissingDependency>
      <MissingDependency>
        <Required key="18" type="2" schemaName="tsp_maincontactfax" displayName="Main Contact Fax" parentSchemaName="customeraddress" parentDisplayName="Address" solution="Active" />
        <Dependent key="8" type="29" displayName="Create Contact from Address" id="{6431f973-5fdc-4d7f-a840-f744baba3c3b}" />
      </MissingDependency>
      <MissingDependency>
        <Required key="19" type="2" schemaName="tsp_accountingcontactname" displayName="Accounting Contact Name" parentSchemaName="customeraddress" parentDisplayName="Address" solution="Active" />
        <Dependent key="8" type="29" displayName="Create Contact from Address" id="{6431f973-5fdc-4d7f-a840-f744baba3c3b}" />
      </MissingDependency>
      <MissingDependency>
        <Required key="20" type="2" schemaName="tsp_maincontactemail" displayName="Main Contact Email" parentSchemaName="customeraddress" parentDisplayName="Address" solution="Active" />
        <Dependent key="8" type="29" displayName="Create Contact from Address" id="{6431f973-5fdc-4d7f-a840-f744baba3c3b}" />
      </MissingDependency>
    </MissingDependencies>
  </SolutionManifest>
</ImportExportXml>