<ImportExportXml version="8.2.0003.0008" SolutionPackageVersion="8.2" languagecode="1033" generatedBy="OnPremise" xmlns:xsi="http://www.w3.org/2001/XMLSchema-instance">
  <SolutionManifest>
    <UniqueName>michaels_carrier</UniqueName>
    <LocalizedNames>
      <LocalizedName description="michaels_carrier" languagecode="1033" />
    </LocalizedNames>
    <Descriptions>
      <Description description="Spire Dashboard" languagecode="1033" />
    </Descriptions>
    <Version>1.0.0.4</Version>
    <Managed>0</Managed>
    <Publisher>
      <UniqueName>plusdev</UniqueName>
      <LocalizedNames>
        <LocalizedName description="PlusDev" languagecode="1033" />
      </LocalizedNames>
      <Descriptions />
      <EMailAddress>info@360plus.ca</EMailAddress>
      <SupportingWebsiteUrl>http://www.360plus.ca</SupportingWebsiteUrl>
      <CustomizationPrefix>tsp</CustomizationPrefix>
      <CustomizationOptionValuePrefix>86591</CustomizationOptionValuePrefix>
      <Addresses>
        <Address>
          <AddressNumber>1</AddressNumber>
          <AddressTypeCode>1</AddressTypeCode>
          <City xsi:nil="true"></City>
          <County xsi:nil="true"></County>
          <Country xsi:nil="true"></Country>
          <Fax xsi:nil="true"></Fax>
          <FreightTermsCode xsi:nil="true"></FreightTermsCode>
          <ImportSequenceNumber xsi:nil="true"></ImportSequenceNumber>
          <Latitude xsi:nil="true"></Latitude>
          <Line1 xsi:nil="true"></Line1>
          <Line2 xsi:nil="true"></Line2>
          <Line3 xsi:nil="true"></Line3>
          <Longitude xsi:nil="true"></Longitude>
          <Name xsi:nil="true"></Name>
          <PostalCode xsi:nil="true"></PostalCode>
          <PostOfficeBox xsi:nil="true"></PostOfficeBox>
          <PrimaryContactName xsi:nil="true"></PrimaryContactName>
          <ShippingMethodCode>1</ShippingMethodCode>
          <StateOrProvince xsi:nil="true"></StateOrProvince>
          <Telephone1>647-800-3132</Telephone1>
          <Telephone2 xsi:nil="true"></Telephone2>
          <Telephone3 xsi:nil="true"></Telephone3>
          <TimeZoneRuleVersionNumber xsi:nil="true"></TimeZoneRuleVersionNumber>
          <UPSZone xsi:nil="true"></UPSZone>
          <UTCOffset xsi:nil="true"></UTCOffset>
          <UTCConversionTimeZoneCode xsi:nil="true"></UTCConversionTimeZoneCode>
        </Address>
        <Address>
          <AddressNumber>2</AddressNumber>
          <AddressTypeCode>1</AddressTypeCode>
          <City xsi:nil="true"></City>
          <County xsi:nil="true"></County>
          <Country xsi:nil="true"></Country>
          <Fax xsi:nil="true"></Fax>
          <FreightTermsCode xsi:nil="true"></FreightTermsCode>
          <ImportSequenceNumber xsi:nil="true"></ImportSequenceNumber>
          <Latitude xsi:nil="true"></Latitude>
          <Line1 xsi:nil="true"></Line1>
          <Line2 xsi:nil="true"></Line2>
          <Line3 xsi:nil="true"></Line3>
          <Longitude xsi:nil="true"></Longitude>
          <Name xsi:nil="true"></Name>
          <PostalCode xsi:nil="true"></PostalCode>
          <PostOfficeBox xsi:nil="true"></PostOfficeBox>
          <PrimaryContactName xsi:nil="true"></PrimaryContactName>
          <ShippingMethodCode>1</ShippingMethodCode>
          <StateOrProvince xsi:nil="true"></StateOrProvince>
          <Telephone1 xsi:nil="true"></Telephone1>
          <Telephone2 xsi:nil="true"></Telephone2>
          <Telephone3 xsi:nil="true"></Telephone3>
          <TimeZoneRuleVersionNumber xsi:nil="true"></TimeZoneRuleVersionNumber>
          <UPSZone xsi:nil="true"></UPSZone>
          <UTCOffset xsi:nil="true"></UTCOffset>
          <UTCConversionTimeZoneCode xsi:nil="true"></UTCConversionTimeZoneCode>
        </Address>
      </Addresses>
    </Publisher>
    <RootComponents>
      <RootComponent type="1" schemaName="campaign" behavior="1" />
      <RootComponent type="60" id="{3141449d-2280-e911-8142-cd2008a052d0}" behavior="0" />
    </RootComponents>
    <MissingDependencies>
      <MissingDependency>
        <Required key="0" type="2" schemaName="tsp_noofinterested" displayName="No. of interested" parentSchemaName="campaign" parentDisplayName="Campaign" solution="Active" />
        <Dependent key="1" type="59" schemaName="Cmpaign Statistics" displayName="Cmpaign Statistics" parentSchemaName="campaign" parentDisplayName="Campaign" id="{bf024cf0-2080-e911-8142-cd2008a052d0}" />
      </MissingDependency>
      <MissingDependency>
        <Required key="2" type="2" schemaName="tsp_noofmaybelater" displayName="No. of Maybe Later" parentSchemaName="campaign" parentDisplayName="Campaign" solution="Active" />
        <Dependent key="1" type="59" schemaName="Cmpaign Statistics" displayName="Cmpaign Statistics" parentSchemaName="campaign" parentDisplayName="Campaign" id="{bf024cf0-2080-e911-8142-cd2008a052d0}" />
      </MissingDependency>
      <MissingDependency>
        <Required key="3" type="2" schemaName="tsp_noofunsubscribe" displayName="No. of Unsubscribe" parentSchemaName="campaign" parentDisplayName="Campaign" solution="Active" />
        <Dependent key="1" type="59" schemaName="Cmpaign Statistics" displayName="Cmpaign Statistics" parentSchemaName="campaign" parentDisplayName="Campaign" id="{bf024cf0-2080-e911-8142-cd2008a052d0}" />
      </MissingDependency>
      <MissingDependency>
        <Required key="4" type="2" schemaName="tsp_noofpageopenings" displayName="No. of Page Openings" parentSchemaName="campaign" parentDisplayName="Campaign" solution="Active" />
        <Dependent key="1" type="59" schemaName="Cmpaign Statistics" displayName="Cmpaign Statistics" parentSchemaName="campaign" parentDisplayName="Campaign" id="{bf024cf0-2080-e911-8142-cd2008a052d0}" />
      </MissingDependency>
      <MissingDependency>
        <Required key="2" type="2" schemaName="tsp_noofmaybelater" displayName="No. of Maybe Later" parentSchemaName="campaign" parentDisplayName="Campaign" solution="Active" />
        <Dependent key="5" type="26" schemaName="..Service View: Campaign Statistic" displayName="..Service View: Campaign Statistic" parentSchemaName="campaign" parentDisplayName="Campaign" id="{76751bb7-1f80-e911-8142-cd2008a052d0}" />
      </MissingDependency>
      <MissingDependency>
        <Required key="0" type="2" schemaName="tsp_noofinterested" displayName="No. of interested" parentSchemaName="campaign" parentDisplayName="Campaign" solution="Active" />
        <Dependent key="5" type="26" schemaName="..Service View: Campaign Statistic" displayName="..Service View: Campaign Statistic" parentSchemaName="campaign" parentDisplayName="Campaign" id="{76751bb7-1f80-e911-8142-cd2008a052d0}" />
      </MissingDependency>
      <MissingDependency>
        <Required key="3" type="2" schemaName="tsp_noofunsubscribe" displayName="No. of Unsubscribe" parentSchemaName="campaign" parentDisplayName="Campaign" solution="Active" />
        <Dependent key="5" type="26" schemaName="..Service View: Campaign Statistic" displayName="..Service View: Campaign Statistic" parentSchemaName="campaign" parentDisplayName="Campaign" id="{76751bb7-1f80-e911-8142-cd2008a052d0}" />
      </MissingDependency>
      <MissingDependency>
        <Required key="6" type="2" schemaName="tsp_noofresponse" displayName="No. of Responses" parentSchemaName="campaign" parentDisplayName="Campaign" solution="Active" />
        <Dependent key="5" type="26" schemaName="..Service View: Campaign Statistic" displayName="..Service View: Campaign Statistic" parentSchemaName="campaign" parentDisplayName="Campaign" id="{76751bb7-1f80-e911-8142-cd2008a052d0}" />
      </MissingDependency>
      <MissingDependency>
        <Required key="7" type="2" schemaName="tsp_noofnotinterested" displayName="No. of Page Visits" parentSchemaName="campaign" parentDisplayName="Campaign" solution="Active" />
        <Dependent key="5" type="26" schemaName="..Service View: Campaign Statistic" displayName="..Service View: Campaign Statistic" parentSchemaName="campaign" parentDisplayName="Campaign" id="{76751bb7-1f80-e911-8142-cd2008a052d0}" />
      </MissingDependency>
      <MissingDependency>
        <Required key="8" type="2" schemaName="tsp_noofsent" displayName="No. of Sent" parentSchemaName="campaign" parentDisplayName="Campaign" solution="Active" />
        <Dependent key="5" type="26" schemaName="..Service View: Campaign Statistic" displayName="..Service View: Campaign Statistic" parentSchemaName="campaign" parentDisplayName="Campaign" id="{76751bb7-1f80-e911-8142-cd2008a052d0}" />
      </MissingDependency>
      <MissingDependency>
        <Required key="4" type="2" schemaName="tsp_noofpageopenings" displayName="No. of Page Openings" parentSchemaName="campaign" parentDisplayName="Campaign" solution="Active" />
        <Dependent key="5" type="26" schemaName="..Service View: Campaign Statistic" displayName="..Service View: Campaign Statistic" parentSchemaName="campaign" parentDisplayName="Campaign" id="{76751bb7-1f80-e911-8142-cd2008a052d0}" />
      </MissingDependency>
    </MissingDependencies>
  </SolutionManifest>
</ImportExportXml>