<ImportExportXml xmlns:xsi="http://www.w3.org/2001/XMLSchema-instance">
  <Entities></Entities>
  <Roles></Roles>
  <Workflows>
    <Workflow WorkflowId="{eedb66a5-d3bb-4470-82a8-30f2a9a5ec3c}" Name="OpportunityReport">
      <XamlFileName>/Workflows/OpportunityReport-EEDB66A5-D3BB-4470-82A8-30F2A9A5EC3C.xaml</XamlFileName>
      <Type>1</Type>
      <Subprocess>0</Subprocess>
      <Category>0</Category>
      <Mode>0</Mode>
      <Scope>4</Scope>
      <OnDemand>0</OnDemand>
      <TriggerOnUpdateAttributeList>statecode</TriggerOnUpdateAttributeList>
      <TriggerOnCreate>0</TriggerOnCreate>
      <TriggerOnDelete>0</TriggerOnDelete>
      <AsyncAutodelete>1</AsyncAutodelete>
      <SyncWorkflowLogOnFailure>0</SyncWorkflowLogOnFailure>
      <StateCode>0</StateCode>
      <StatusCode>1</StatusCode>
      <RunAs>1</RunAs>
      <IsTransacted>1</IsTransacted>
      <IntroducedVersion>1.0.0.0</IntroducedVersion>
      <IsCustomizable>1</IsCustomizable>
      <PrimaryEntity>Opportunity</PrimaryEntity>
    </Workflow>
    <Workflow WorkflowId="{0e57d66b-22a2-4781-9aae-718d91a373a1}" Name="Create/Update Billing Address in Custom Address Entity">
      <XamlFileName>/Workflows/CreateUpdateBillingAddressinCustomAddressEntity-0E57D66B-22A2-4781-9AAE-718D91A373A1.xaml</XamlFileName>
      <Type>1</Type>
      <Subprocess>0</Subprocess>
      <Category>0</Category>
      <Mode>0</Mode>
      <Scope>4</Scope>
      <OnDemand>0</OnDemand>
      <TriggerOnUpdateAttributeList>address1_postalcode,address1_line3,address1_line2,address1_line1,address1_stateorprovince,address1_country,address1_city</TriggerOnUpdateAttributeList>
      <TriggerOnCreate>0</TriggerOnCreate>
      <TriggerOnDelete>0</TriggerOnDelete>
      <AsyncAutodelete>0</AsyncAutodelete>
      <SyncWorkflowLogOnFailure>0</SyncWorkflowLogOnFailure>
      <StateCode>0</StateCode>
      <StatusCode>1</StatusCode>
      <RunAs>1</RunAs>
      <IsTransacted>1</IsTransacted>
      <IntroducedVersion>1.0.0.0</IntroducedVersion>
      <IsCustomizable>1</IsCustomizable>
      <PrimaryEntity>Account</PrimaryEntity>
    </Workflow>
    <Workflow WorkflowId="{173437f0-6162-4c16-8c76-b185cf47975f}" Name="Create Contact and Custom Address Link from new OOB Address">
      <XamlFileName>/Workflows/CreateContactandCustomAddressLinkfromnewOOBAddress-173437F0-6162-4C16-8C76-B185CF47975F.xaml</XamlFileName>
      <Type>3</Type>
      <Subprocess>0</Subprocess>
      <Category>0</Category>
      <Mode>0</Mode>
      <Scope>4</Scope>
      <OnDemand>0</OnDemand>
      <TriggerOnUpdateAttributeList>postalcode,line3,line2,line1,stateorprovince,tsp_salescontactname,tsp_salescontactfax,tsp_salescontactemail,tsp_salescontactphone,telephone1,tsp_maincontactphone,tsp_maincontactfax,tsp_maincontactemail,fax,tsp_email,country,city,name,primarycontactname,tsp_accountingcontactphone,tsp_accountingcontactname,tsp_accountingcontactfax,tsp_accountingcontactemail</TriggerOnUpdateAttributeList>
      <TriggerOnCreate>1</TriggerOnCreate>
      <TriggerOnDelete>0</TriggerOnDelete>
      <AsyncAutodelete>0</AsyncAutodelete>
      <SyncWorkflowLogOnFailure>0</SyncWorkflowLogOnFailure>
      <StateCode>1</StateCode>
      <StatusCode>2</StatusCode>
      <RunAs>1</RunAs>
      <IsTransacted>1</IsTransacted>
      <IntroducedVersion>1.0</IntroducedVersion>
      <IsCustomizable>1</IsCustomizable>
      <PrimaryEntity>CustomerAddress</PrimaryEntity>
    </Workflow>
    <Workflow WorkflowId="{79d2234d-5b5a-4703-802e-e38fc142e6b6}" Name="Quote - Close Quote As Actieve">
      <XamlFileName>/Workflows/Quote-CloseQuoteAsActieve-79D2234D-5B5A-4703-802E-E38FC142E6B6.xaml</XamlFileName>
      <Type>1</Type>
      <Subprocess>0</Subprocess>
      <Category>0</Category>
      <Mode>1</Mode>
      <Scope>1</Scope>
      <OnDemand>0</OnDemand>
      <TriggerOnCreate>1</TriggerOnCreate>
      <TriggerOnDelete>0</TriggerOnDelete>
      <AsyncAutodelete>1</AsyncAutodelete>
      <SyncWorkflowLogOnFailure>1</SyncWorkflowLogOnFailure>
      <StateCode>0</StateCode>
      <StatusCode>1</StatusCode>
      <RunAs>1</RunAs>
      <IsTransacted>1</IsTransacted>
      <IntroducedVersion>1.0.0.0</IntroducedVersion>
      <IsCustomizable>1</IsCustomizable>
      <PrimaryEntity>Quote</PrimaryEntity>
    </Workflow>
    <Workflow WorkflowId="{6431f973-5fdc-4d7f-a840-f744baba3c3b}" Name="Create Contact from Address">
      <XamlFileName>/Workflows/CreateContactfromAddress-6431F973-5FDC-4D7F-A840-F744BABA3C3B.xaml</XamlFileName>
      <Type>1</Type>
      <Subprocess>0</Subprocess>
      <Category>0</Category>
      <Mode>0</Mode>
      <Scope>4</Scope>
      <OnDemand>0</OnDemand>
      <TriggerOnCreate>1</TriggerOnCreate>
      <TriggerOnDelete>0</TriggerOnDelete>
      <AsyncAutodelete>0</AsyncAutodelete>
      <SyncWorkflowLogOnFailure>0</SyncWorkflowLogOnFailure>
      <StateCode>0</StateCode>
      <StatusCode>1</StatusCode>
      <RunAs>1</RunAs>
      <IsTransacted>1</IsTransacted>
      <IntroducedVersion>1.0.0.0</IntroducedVersion>
      <IsCustomizable>1</IsCustomizable>
      <PrimaryEntity>CustomerAddress</PrimaryEntity>
    </Workflow>
  </Workflows>
  <FieldSecurityProfiles></FieldSecurityProfiles>
  <Templates />
  <EntityMaps />
  <EntityRelationships />
  <OrganizationSettings />
  <optionsets />
  <Languages>
    <Language>1033</Language>
  </Languages>
</ImportExportXml>