<ImportExportXml version="8.2.0003.0008" SolutionPackageVersion="8.2" languagecode="1033" generatedBy="OnPremise" xmlns:xsi="http://www.w3.org/2001/XMLSchema-instance">
  <SolutionManifest>
    <UniqueName>michaels_carrier</UniqueName>
    <LocalizedNames>
      <LocalizedName description="michaels_carrier" languagecode="1033" />
    </LocalizedNames>
    <Descriptions>
      <Description description="Spire Dashboard" languagecode="1033" />
    </Descriptions>
    <Version>1.0.0.2</Version>
    <Managed>0</Managed>
    <Publisher>
      <UniqueName>plusdev</UniqueName>
      <LocalizedNames>
        <LocalizedName description="PlusDev" languagecode="1033" />
      </LocalizedNames>
      <Descriptions />
      <EMailAddress>info@360plus.ca</EMailAddress>
      <SupportingWebsiteUrl>http://www.360plus.ca</SupportingWebsiteUrl>
      <CustomizationPrefix>tsp</CustomizationPrefix>
      <CustomizationOptionValuePrefix>86591</CustomizationOptionValuePrefix>
      <Addresses>
        <Address>
          <AddressNumber>1</AddressNumber>
          <AddressTypeCode>1</AddressTypeCode>
          <City xsi:nil="true"></City>
          <County xsi:nil="true"></County>
          <Country xsi:nil="true"></Country>
          <Fax xsi:nil="true"></Fax>
          <FreightTermsCode xsi:nil="true"></FreightTermsCode>
          <ImportSequenceNumber xsi:nil="true"></ImportSequenceNumber>
          <Latitude xsi:nil="true"></Latitude>
          <Line1 xsi:nil="true"></Line1>
          <Line2 xsi:nil="true"></Line2>
          <Line3 xsi:nil="true"></Line3>
          <Longitude xsi:nil="true"></Longitude>
          <Name xsi:nil="true"></Name>
          <PostalCode xsi:nil="true"></PostalCode>
          <PostOfficeBox xsi:nil="true"></PostOfficeBox>
          <PrimaryContactName xsi:nil="true"></PrimaryContactName>
          <ShippingMethodCode>1</ShippingMethodCode>
          <StateOrProvince xsi:nil="true"></StateOrProvince>
          <Telephone1>647-800-3132</Telephone1>
          <Telephone2 xsi:nil="true"></Telephone2>
          <Telephone3 xsi:nil="true"></Telephone3>
          <TimeZoneRuleVersionNumber xsi:nil="true"></TimeZoneRuleVersionNumber>
          <UPSZone xsi:nil="true"></UPSZone>
          <UTCOffset xsi:nil="true"></UTCOffset>
          <UTCConversionTimeZoneCode xsi:nil="true"></UTCConversionTimeZoneCode>
        </Address>
        <Address>
          <AddressNumber>2</AddressNumber>
          <AddressTypeCode>1</AddressTypeCode>
          <City xsi:nil="true"></City>
          <County xsi:nil="true"></County>
          <Country xsi:nil="true"></Country>
          <Fax xsi:nil="true"></Fax>
          <FreightTermsCode xsi:nil="true"></FreightTermsCode>
          <ImportSequenceNumber xsi:nil="true"></ImportSequenceNumber>
          <Latitude xsi:nil="true"></Latitude>
          <Line1 xsi:nil="true"></Line1>
          <Line2 xsi:nil="true"></Line2>
          <Line3 xsi:nil="true"></Line3>
          <Longitude xsi:nil="true"></Longitude>
          <Name xsi:nil="true"></Name>
          <PostalCode xsi:nil="true"></PostalCode>
          <PostOfficeBox xsi:nil="true"></PostOfficeBox>
          <PrimaryContactName xsi:nil="true"></PrimaryContactName>
          <ShippingMethodCode>1</ShippingMethodCode>
          <StateOrProvince xsi:nil="true"></StateOrProvince>
          <Telephone1 xsi:nil="true"></Telephone1>
          <Telephone2 xsi:nil="true"></Telephone2>
          <Telephone3 xsi:nil="true"></Telephone3>
          <TimeZoneRuleVersionNumber xsi:nil="true"></TimeZoneRuleVersionNumber>
          <UPSZone xsi:nil="true"></UPSZone>
          <UTCOffset xsi:nil="true"></UTCOffset>
          <UTCConversionTimeZoneCode xsi:nil="true"></UTCConversionTimeZoneCode>
        </Address>
      </Addresses>
    </Publisher>
    <RootComponents>
      <RootComponent type="1" schemaName="campaign" behavior="0" />
      <RootComponent type="1" schemaName="lead" behavior="0" />
      <RootComponent type="1" schemaName="opportunity" behavior="0" />
      <RootComponent type="60" id="{3141449d-2280-e911-8142-cd2008a052d0}" behavior="0" />
    </RootComponents>
    <MissingDependencies>
      <MissingDependency>
        <Required key="0" type="1" schemaName="tsp_accountaddresses" displayName="Account Addresses" solution="Active" />
        <Dependent key="1" type="10" schemaName="tsp_tsp_accountaddresses_opportunity_ShipTo" displayName="tsp_tsp_accountaddresses_opportunity_ShipTo" parentSchemaName="opportunity" parentDisplayName="Opportunity" />
      </MissingDependency>
      <MissingDependency>
        <Required key="2" type="2" schemaName="tsp_accountaddressesid" displayName="Account Addresses" parentSchemaName="tsp_accountaddresses" parentDisplayName="Account Addresses" solution="Active" />
        <Dependent key="1" type="10" schemaName="tsp_tsp_accountaddresses_opportunity_ShipTo" displayName="tsp_tsp_accountaddresses_opportunity_ShipTo" parentSchemaName="opportunity" parentDisplayName="Opportunity" />
      </MissingDependency>
      <MissingDependency>
        <Required key="3" type="2" schemaName="tsp_name" displayName="Name" parentSchemaName="tsp_accountaddresses" parentDisplayName="Account Addresses" solution="Active" />
        <Dependent key="1" type="10" schemaName="tsp_tsp_accountaddresses_opportunity_ShipTo" displayName="tsp_tsp_accountaddresses_opportunity_ShipTo" parentSchemaName="opportunity" parentDisplayName="Opportunity" />
      </MissingDependency>
      <MissingDependency>
        <Required key="4" type="9" schemaName="tsp_shipmethod" displayName="Ship Method" solution="Active" />
        <Dependent key="5" type="2" schemaName="tsp_shipmethod" displayName="Ship Method" parentSchemaName="opportunity" parentDisplayName="Opportunity" />
      </MissingDependency>
      <MissingDependency>
        <Required key="6" type="10" schemaName="tsp_account_tsp_accountaddresses_Account" displayName="tsp_account_tsp_accountaddresses_Account" parentSchemaName="tsp_accountaddresses" parentDisplayName="Account Addresses" solution="Active" />
        <Dependent key="7" type="60" displayName="Opportunity" parentDisplayName="Opportunity" id="{a837e4a7-01b8-4f82-a475-be9abd67e667}" />
      </MissingDependency>
      <MissingDependency>
        <Required key="8" type="26" schemaName="Account Addresses Lookup View" displayName="Account Addresses Lookup View" parentSchemaName="tsp_accountaddresses" parentDisplayName="Account Addresses" solution="Active" id="{476eee65-afa7-46d9-883d-5bdbcce005b1}" />
        <Dependent key="7" type="60" displayName="Opportunity" parentDisplayName="Opportunity" id="{a837e4a7-01b8-4f82-a475-be9abd67e667}" />
      </MissingDependency>
      <MissingDependency>
        <Required key="9" type="59" schemaName="Campaign by Response Code" displayName="Campaign by Response Code" parentSchemaName="campaignresponse" parentDisplayName="Campaign Response" solution="Active" id="{e556e1bb-1572-e911-942b-00155d259607}" />
        <Dependent key="10" type="60" displayName="Campaign" parentDisplayName="Campaign" id="{6356ff2a-bbbe-49fb-9da2-160b08865688}" />
      </MissingDependency>
      <MissingDependency>
        <Required key="11" type="60" displayName="Quick Address Form" parentDisplayName="Account Addresses" solution="Active" id="{6bb6a41a-129b-4261-b3cd-e37024dcdf3f}" />
        <Dependent key="7" type="60" displayName="Opportunity" parentDisplayName="Opportunity" id="{a837e4a7-01b8-4f82-a475-be9abd67e667}" />
      </MissingDependency>
      <MissingDependency>
        <Required key="13" type="61" schemaName="tsp_QuickFormFix" displayName="tsp_QuickFormFix" solution="Active" />
        <Dependent key="14" type="60" displayName="Opportunity" parentDisplayName="Opportunity" id="{e3c588ee-8e11-49da-a5fe-3800f3f683de}" />
      </MissingDependency>
      <MissingDependency>
        <Required key="15" type="61" schemaName="tsp_QualifyLeadCustom.js" displayName="tsp_QualifyLeadCustom.js" solution="Active" />
        <Dependent key="16" type="60" displayName="Lead" parentDisplayName="Lead" id="{e3b6ddb7-8df0-4410-ac7b-fd32e5053d38}" />
      </MissingDependency>
      <MissingDependency>
        <Required key="17" type="61" schemaName="msdyn_/ActivityFeeds.Form.js" displayName="msdyn_/ActivityFeeds.Form.js" solution="ActivityFeedsCore (8.2.0.0)" />
        <Dependent key="18" type="60" displayName="Information" parentDisplayName="Lead" id="{9886ead0-4fcc-4747-9a18-08e7a9a6de71}" />
      </MissingDependency>
      <MissingDependency>
        <Required key="19" type="61" schemaName="msdyn_/RecordWall.htm" displayName="msdyn_/RecordWall.htm" solution="ActivityFeedsCore (8.2.0.0)" />
        <Dependent key="18" type="60" displayName="Information" parentDisplayName="Lead" id="{9886ead0-4fcc-4747-9a18-08e7a9a6de71}" />
      </MissingDependency>
      <MissingDependency>
        <Required key="15" type="61" schemaName="tsp_QualifyLeadCustom.js" displayName="tsp_QualifyLeadCustom.js" solution="Active" />
        <Dependent key="20" type="50" schemaName="lead:RibbonDiffXml" parentSchemaName="ribboncustomization" parentDisplayName="Application Ribbons" />
      </MissingDependency>
      <MissingDependency>
        <Required key="21" type="61" schemaName="tsp_MainOpportunity" displayName="tsp_MainOpportunity" solution="Active" />
        <Dependent key="7" type="60" displayName="Opportunity" parentDisplayName="Opportunity" id="{a837e4a7-01b8-4f82-a475-be9abd67e667}" />
      </MissingDependency>
      <MissingDependency>
        <Required key="22" type="61" schemaName="tsp_Common" displayName="tsp_Common" solution="Active" />
        <Dependent key="7" type="60" displayName="Opportunity" parentDisplayName="Opportunity" id="{a837e4a7-01b8-4f82-a475-be9abd67e667}" />
      </MissingDependency>
      <MissingDependency>
        <Required key="17" type="61" schemaName="msdyn_/ActivityFeeds.Form.js" displayName="msdyn_/ActivityFeeds.Form.js" solution="ActivityFeedsCore (8.2.0.0)" />
        <Dependent key="23" type="60" displayName="Information" parentDisplayName="Opportunity" id="{a2a56263-ec37-4991-a3b0-e7b37a71d818}" />
      </MissingDependency>
      <MissingDependency>
        <Required key="19" type="61" schemaName="msdyn_/RecordWall.htm" displayName="msdyn_/RecordWall.htm" solution="ActivityFeedsCore (8.2.0.0)" />
        <Dependent key="23" type="60" displayName="Information" parentDisplayName="Opportunity" id="{a2a56263-ec37-4991-a3b0-e7b37a71d818}" />
      </MissingDependency>
    </MissingDependencies>
  </SolutionManifest>
</ImportExportXml>