<ImportExportXml xmlns:xsi="http://www.w3.org/2001/XMLSchema-instance">
  <Entities>
    <Entity>
      <Name LocalizedName="Campaign" OriginalName="Campaign">Campaign</Name>
      <ObjectTypeCode>4400</ObjectTypeCode>
      <EntityInfo>
        <entity Name="Campaign">
          <LocalizedNames>
            <LocalizedName description="Campaign" languagecode="1033" />
          </LocalizedNames>
          <LocalizedCollectionNames>
            <LocalizedCollectionName description="Campaigns" languagecode="1033" />
          </LocalizedCollectionNames>
          <Descriptions>
            <Description description="Container for campaign activities and responses, sales literature, products, and lists to create, plan, execute, and track the results of a specific marketing campaign through its life." languagecode="1033" />
          </Descriptions>
          <attributes />
          <EntitySetName>campaigns</EntitySetName>
          <IsDuplicateCheckSupported>1</IsDuplicateCheckSupported>
          <IsBusinessProcessEnabled>1</IsBusinessProcessEnabled>
          <IsRequiredOffline>0</IsRequiredOffline>
          <IsInteractionCentricEnabled>0</IsInteractionCentricEnabled>
          <IsCollaboration>0</IsCollaboration>
          <AutoRouteToOwnerQueue>0</AutoRouteToOwnerQueue>
          <IsConnectionsEnabled>1</IsConnectionsEnabled>
          <IsDocumentManagementEnabled>0</IsDocumentManagementEnabled>
          <IsOneNoteIntegrationEnabled>0</IsOneNoteIntegrationEnabled>
          <IsKnowledgeManagementEnabled>0</IsKnowledgeManagementEnabled>
          <IsSLAEnabled>0</IsSLAEnabled>
          <IsDocumentRecommendationsEnabled>0</IsDocumentRecommendationsEnabled>
          <IsBPFEntity>0</IsBPFEntity>
          <OwnershipTypeMask>UserOwned</OwnershipTypeMask>
          <EntityMask>ActivityPointer</EntityMask>
          <IsAuditEnabled>0</IsAuditEnabled>
          <IsActivity>0</IsActivity>
          <ActivityTypeMask></ActivityTypeMask>
          <IsActivityParty>1</IsActivityParty>
          <IsReplicated>1</IsReplicated>
          <IsReplicationUserFiltered>1</IsReplicationUserFiltered>
          <IsMailMergeEnabled>0</IsMailMergeEnabled>
          <IsVisibleInMobile>1</IsVisibleInMobile>
          <IsVisibleInMobileClient>0</IsVisibleInMobileClient>
          <IsReadOnlyInMobileClient>0</IsReadOnlyInMobileClient>
          <IsOfflineInMobileClient>0</IsOfflineInMobileClient>
          <DaysSinceRecordLastModified>0</DaysSinceRecordLastModified>
          <MobileOfflineFilters></MobileOfflineFilters>
          <IsMapiGridEnabled>1</IsMapiGridEnabled>
          <IsReadingPaneEnabled>1</IsReadingPaneEnabled>
          <IsQuickCreateEnabled>0</IsQuickCreateEnabled>
          <SyncToExternalSearchIndex>1</SyncToExternalSearchIndex>
          <IntroducedVersion>5.0.0.0</IntroducedVersion>
          <EnforceStateTransitions>0</EnforceStateTransitions>
          <EntityHelpUrlEnabled>0</EntityHelpUrlEnabled>
          <ChangeTrackingEnabled>1</ChangeTrackingEnabled>
          <IsEnabledForExternalChannels>0</IsEnabledForExternalChannels>
          <HasRelatedNotes>True</HasRelatedNotes>
          <HasRelatedActivities>True</HasRelatedActivities>
        </entity>
      </EntityInfo>
      <SavedQueries>
        <savedqueries>
          <savedquery>
            <IsCustomizable>1</IsCustomizable>
            <CanBeDeleted>1</CanBeDeleted>
            <isquickfindquery>0</isquickfindquery>
            <isprivate>0</isprivate>
            <isdefault>0</isdefault>
            <returnedtypecode>4400</returnedtypecode>
            <savedqueryid>{76751bb7-1f80-e911-8142-cd2008a052d0}</savedqueryid>
            <layoutxml>
              <grid name="resultset" object="4400" jump="name" select="1" preview="1" icon="1">
                <row name="result" id="campaignid">
                  <cell name="name" width="150" />
                  <cell name="tsp_noofinterested" width="100" />
                  <cell name="tsp_noofmaybelater" width="100" />
                  <cell name="tsp_noofnotinterested" width="100" />
                  <cell name="tsp_noofpageopenings" width="100" />
                  <cell name="tsp_noofresponse" width="100" />
                  <cell name="tsp_noofsent" width="100" />
                  <cell name="tsp_noofunsubscribe" width="100" />
                </row>
              </grid>
            </layoutxml>
            <querytype>0</querytype>
            <fetchxml>
              <fetch version="1.0" output-format="xml-platform" mapping="logical">
                <entity name="campaign">
                  <attribute name="name" />
                  <order attribute="name" descending="false" />
                  <attribute name="tsp_noofunsubscribe" />
                  <attribute name="tsp_noofsent" />
                  <attribute name="tsp_noofresponse" />
                  <attribute name="tsp_noofpageopenings" />
                  <attribute name="tsp_noofnotinterested" />
                  <attribute name="tsp_noofmaybelater" />
                  <attribute name="tsp_noofinterested" />
                  <attribute name="campaignid" />
                </entity>
              </fetch>
            </fetchxml>
            <IntroducedVersion>1.0.0.1</IntroducedVersion>
            <LocalizedNames>
              <LocalizedName description="..Service View: Campaign Statistic" languagecode="1033" />
            </LocalizedNames>
          </savedquery>
        </savedqueries>
      </SavedQueries>
      <RibbonDiffXml>
        <CustomActions />
        <Templates>
          <RibbonTemplates Id="Mscrm.Templates"></RibbonTemplates>
        </Templates>
        <CommandDefinitions />
        <RuleDefinitions>
          <TabDisplayRules />
          <DisplayRules />
          <EnableRules />
        </RuleDefinitions>
        <LocLabels />
      </RibbonDiffXml>
    </Entity>
  </Entities>
  <Roles></Roles>
  <Workflows></Workflows>
  <FieldSecurityProfiles></FieldSecurityProfiles>
  <Templates />
  <EntityMaps />
  <EntityRelationships />
  <OrganizationSettings />
  <optionsets />
  <Dashboards>
    <Dashboard>
      <LocalizedNames>
        <LocalizedName description="Spire campaign sttatistics" languagecode="1033" />
      </LocalizedNames>
      <FormId>{3141449d-2280-e911-8142-cd2008a052d0}</FormId>
      <IsCustomizable>1</IsCustomizable>
      <IsDefault>0</IsDefault>
      <FormXml>
        <forms type="dashboard">
          <form>
            <tabs>
              <tab showlabel="false" verticallayout="true" id="{6c571ecd-8117-43ad-8f8e-37e73ff791be}">
                <labels>
                  <label description="Tab" languagecode="1033" />
                </labels>
                <columns>
                  <column width="100%">
                    <sections>
                      <section showlabel="false" showbar="false" columns="1111" id="{da7f0635-7195-4139-92f5-e8ad23289e22}">
                        <labels>
                          <label description="Section" languagecode="1033" />
                        </labels>
                        <rows>
                          <row>
                            <cell colspan="4" rowspan="12" showlabel="false" id="{0bfbe8cb-f793-47de-a65f-42f1fa4ea46a}" auto="false">
                              <labels>
                                <label description="Campaign" languagecode="1033" />
                              </labels>
                              <control id="Component9a59c69" uniqueid="{cc76db06-d8dd-3431-114d-8c7ac8105c51}" classid="{E7A81278-8635-4d9e-8D4D-59480B391C5B}" indicationOfSubgrid="true">
                                <parameters>
                                  <TargetEntityType>campaign</TargetEntityType>
                                  <ChartGridMode>Chart</ChartGridMode>
                                  <EnableQuickFind>false</EnableQuickFind>
                                  <EnableViewPicker>false</EnableViewPicker>
                                  <EnableJumpBar>false</EnableJumpBar>
                                  <RecordsPerPage>10</RecordsPerPage>
                                  <ViewId>{76751BB7-1F80-E911-8142-CD2008A052D0}</ViewId>
                                  <IsUserView>false</IsUserView>
                                  <ViewIds></ViewIds>
                                  <AutoExpand>Fixed</AutoExpand>
                                  <VisualizationId>{BF024CF0-2080-E911-8142-CD2008A052D0}</VisualizationId>
                                  <IsUserChart>false</IsUserChart>
                                  <EnableChartPicker>false</EnableChartPicker>
                                  <RelationshipName></RelationshipName>
                                </parameters>
                              </control>
                            </cell>
                          </row>
                          <row></row>
                          <row></row>
                          <row></row>
                          <row></row>
                          <row></row>
                          <row></row>
                          <row></row>
                          <row></row>
                          <row></row>
                          <row></row>
                          <row></row>
                          <row>
                            <cell id="{ae4a0c0e-c67b-1b73-589e-833933a39865}" showlabel="false" colspan="2" auto="false" rowspan="12">
                              <labels>
                                <label description="Lead" languagecode="1033" />
                              </labels>
                              <control id="Component7722097" classid="{E7A81278-8635-4d9e-8D4D-59480B391C5B}" indicationOfSubgrid="true">
                                <parameters>
                                  <ViewId>{00000000-0000-0000-00AA-000010001005}</ViewId>
                                  <IsUserView>false</IsUserView>
                                  <RelationshipName></RelationshipName>
                                  <TargetEntityType>lead</TargetEntityType>
                                  <AutoExpand>Fixed</AutoExpand>
                                  <EnableQuickFind>false</EnableQuickFind>
                                  <EnableViewPicker>false</EnableViewPicker>
                                  <ViewIds></ViewIds>
                                  <EnableJumpBar>false</EnableJumpBar>
                                  <ChartGridMode>Chart</ChartGridMode>
                                  <VisualizationId>{3ED18B7C-5693-DE11-97D4-00155DA3B01E}</VisualizationId>
                                  <IsUserChart>false</IsUserChart>
                                  <EnableChartPicker>false</EnableChartPicker>
                                  <RecordsPerPage>8</RecordsPerPage>
                                </parameters>
                              </control>
                            </cell>
                            <cell colspan="2" rowspan="12" showlabel="false" id="{b51d9a19-f377-40e3-a987-0b9d7ac94509}" auto="false">
                              <labels>
                                <label description="Opportunity" languagecode="1033" />
                              </labels>
                              <control id="Component23daf26" uniqueid="{a2a2dcc9-6aa1-ee55-3b90-39398057ec5c}" classid="{E7A81278-8635-4d9e-8D4D-59480B391C5B}" indicationOfSubgrid="true">
                                <parameters>
                                  <TargetEntityType>opportunity</TargetEntityType>
                                  <ChartGridMode>Chart</ChartGridMode>
                                  <EnableQuickFind>false</EnableQuickFind>
                                  <EnableViewPicker>false</EnableViewPicker>
                                  <EnableJumpBar>false</EnableJumpBar>
                                  <RecordsPerPage>10</RecordsPerPage>
                                  <ViewId>{00000000-0000-0000-00AA-000010003000}</ViewId>
                                  <IsUserView>false</IsUserView>
                                  <ViewIds></ViewIds>
                                  <AutoExpand>Fixed</AutoExpand>
                                  <VisualizationId>{8E4A2E77-375F-DF11-AE90-00155D2E3002}</VisualizationId>
                                  <IsUserChart>false</IsUserChart>
                                  <EnableChartPicker>false</EnableChartPicker>
                                  <RelationshipName></RelationshipName>
                                </parameters>
                              </control>
                            </cell>
                          </row>
                          <row />
                          <row />
                          <row />
                          <row />
                          <row />
                          <row />
                          <row />
                          <row />
                          <row />
                          <row />
                          <row />
                        </rows>
                      </section>
                    </sections>
                  </column>
                </columns>
              </tab>
            </tabs>
          </form>
        </forms>
      </FormXml>
      <IntroducedVersion>1.0.0.1</IntroducedVersion>
      <IsTabletEnabled>0</IsTabletEnabled>
    </Dashboard>
  </Dashboards>
  <Languages>
    <Language>1033</Language>
  </Languages>
</ImportExportXml>