<ImportExportXml version="8.2.0000.0749" SolutionPackageVersion="8.2" languagecode="1033" generatedBy="OnPremise" xmlns:xsi="http://www.w3.org/2001/XMLSchema-instance">
  <SolutionManifest>
    <UniqueName>SpireWebResources</UniqueName>
    <LocalizedNames>
      <LocalizedName description="Spire Web Resources" languagecode="1033" />
    </LocalizedNames>
    <Descriptions />
    <Version>1.0.0.0</Version>
    <Managed>0</Managed>
    <Publisher>
      <UniqueName>plusdev</UniqueName>
      <LocalizedNames>
        <LocalizedName description="PlusDev" languagecode="1033" />
      </LocalizedNames>
      <Descriptions />
      <EMailAddress>info@360plus.ca</EMailAddress>
      <SupportingWebsiteUrl>http://www.360plus.ca</SupportingWebsiteUrl>
      <CustomizationPrefix>tsp</CustomizationPrefix>
      <CustomizationOptionValuePrefix>86591</CustomizationOptionValuePrefix>
      <Addresses>
        <Address>
          <AddressNumber>1</AddressNumber>
          <AddressTypeCode>1</AddressTypeCode>
          <City xsi:nil="true"></City>
          <County xsi:nil="true"></County>
          <Country xsi:nil="true"></Country>
          <Fax xsi:nil="true"></Fax>
          <FreightTermsCode xsi:nil="true"></FreightTermsCode>
          <ImportSequenceNumber xsi:nil="true"></ImportSequenceNumber>
          <Latitude xsi:nil="true"></Latitude>
          <Line1 xsi:nil="true"></Line1>
          <Line2 xsi:nil="true"></Line2>
          <Line3 xsi:nil="true"></Line3>
          <Longitude xsi:nil="true"></Longitude>
          <Name xsi:nil="true"></Name>
          <PostalCode xsi:nil="true"></PostalCode>
          <PostOfficeBox xsi:nil="true"></PostOfficeBox>
          <PrimaryContactName xsi:nil="true"></PrimaryContactName>
          <ShippingMethodCode>1</ShippingMethodCode>
          <StateOrProvince xsi:nil="true"></StateOrProvince>
          <Telephone1>647-800-3132</Telephone1>
          <Telephone2 xsi:nil="true"></Telephone2>
          <Telephone3 xsi:nil="true"></Telephone3>
          <TimeZoneRuleVersionNumber xsi:nil="true"></TimeZoneRuleVersionNumber>
          <UPSZone xsi:nil="true"></UPSZone>
          <UTCOffset xsi:nil="true"></UTCOffset>
          <UTCConversionTimeZoneCode xsi:nil="true"></UTCConversionTimeZoneCode>
        </Address>
        <Address>
          <AddressNumber>2</AddressNumber>
          <AddressTypeCode>1</AddressTypeCode>
          <City xsi:nil="true"></City>
          <County xsi:nil="true"></County>
          <Country xsi:nil="true"></Country>
          <Fax xsi:nil="true"></Fax>
          <FreightTermsCode xsi:nil="true"></FreightTermsCode>
          <ImportSequenceNumber xsi:nil="true"></ImportSequenceNumber>
          <Latitude xsi:nil="true"></Latitude>
          <Line1 xsi:nil="true"></Line1>
          <Line2 xsi:nil="true"></Line2>
          <Line3 xsi:nil="true"></Line3>
          <Longitude xsi:nil="true"></Longitude>
          <Name xsi:nil="true"></Name>
          <PostalCode xsi:nil="true"></PostalCode>
          <PostOfficeBox xsi:nil="true"></PostOfficeBox>
          <PrimaryContactName xsi:nil="true"></PrimaryContactName>
          <ShippingMethodCode>1</ShippingMethodCode>
          <StateOrProvince xsi:nil="true"></StateOrProvince>
          <Telephone1 xsi:nil="true"></Telephone1>
          <Telephone2 xsi:nil="true"></Telephone2>
          <Telephone3 xsi:nil="true"></Telephone3>
          <TimeZoneRuleVersionNumber xsi:nil="true"></TimeZoneRuleVersionNumber>
          <UPSZone xsi:nil="true"></UPSZone>
          <UTCOffset xsi:nil="true"></UTCOffset>
          <UTCConversionTimeZoneCode xsi:nil="true"></UTCConversionTimeZoneCode>
        </Address>
      </Addresses>
    </Publisher>
    <RootComponents>
      <RootComponent type="61" schemaName="tsp_accountMain" behavior="0" />
      <RootComponent type="61" schemaName="tsp_address" behavior="0" />
      <RootComponent type="61" schemaName="tsp_Address" behavior="0" />
      <RootComponent type="61" schemaName="tsp_base" behavior="0" />
      <RootComponent type="61" schemaName="tsp_Common" behavior="0" />
      <RootComponent type="61" schemaName="tsp_company" behavior="0" />
      <RootComponent type="61" schemaName="tsp_customer" behavior="0" />
      <RootComponent type="61" schemaName="tsp_employee" behavior="0" />
      <RootComponent type="61" schemaName="tsp_gl" behavior="0" />
      <RootComponent type="61" schemaName="tsp_green" behavior="0" />
      <RootComponent type="61" schemaName="tsp_MainOpportunity" behavior="0" />
      <RootComponent type="61" schemaName="tsp_payment_method" behavior="0" />
      <RootComponent type="61" schemaName="tsp_payment_terms" behavior="0" />
      <RootComponent type="61" schemaName="tsp_PlusAddress" behavior="0" />
      <RootComponent type="61" schemaName="tsp_QualifyLeadCustom.js" behavior="0" />
      <RootComponent type="61" schemaName="tsp_QuickFormFix" behavior="0" />
      <RootComponent type="61" schemaName="tsp_sales" behavior="0" />
      <RootComponent type="61" schemaName="tsp_salesperson" behavior="0" />
      <RootComponent type="61" schemaName="tsp_spire" behavior="0" />
      <RootComponent type="61" schemaName="tsp_SpireConnection" behavior="0" />
      <RootComponent type="61" schemaName="tsp_territory" behavior="0" />
      <RootComponent type="61" schemaName="tsp_types" behavior="0" />
      <RootComponent type="61" schemaName="tsp_utils" behavior="0" />
      <RootComponent type="61" schemaName="tsp_vendor" behavior="0" />
    </RootComponents>
    <MissingDependencies />
  </SolutionManifest>
</ImportExportXml>