<ImportExportXml xmlns:xsi="http://www.w3.org/2001/XMLSchema-instance">
  <Entities></Entities>
  <Roles></Roles>
  <Workflows>
    <Workflow WorkflowId="{2438ef32-354e-4dea-b6af-a094393c869e}" Name="360Plus - Quote PDF Report to Opportunity">
      <XamlFileName>/Workflows/360Plus-QuotePDFReporttoOpportunity-2438EF32-354E-4DEA-B6AF-A094393C869E.xaml</XamlFileName>
      <Type>1</Type>
      <Subprocess>0</Subprocess>
      <Category>0</Category>
      <Mode>0</Mode>
      <Scope>1</Scope>
      <OnDemand>0</OnDemand>
      <TriggerOnCreate>1</TriggerOnCreate>
      <TriggerOnDelete>0</TriggerOnDelete>
      <AsyncAutodelete>1</AsyncAutodelete>
      <SyncWorkflowLogOnFailure>0</SyncWorkflowLogOnFailure>
      <StateCode>1</StateCode>
      <StatusCode>2</StatusCode>
      <RunAs>1</RunAs>
      <IsTransacted>1</IsTransacted>
      <IntroducedVersion>1.0.0.1</IntroducedVersion>
      <IsCustomizable>1</IsCustomizable>
      <PrimaryEntity>Quote</PrimaryEntity>
    </Workflow>
  </Workflows>
  <FieldSecurityProfiles></FieldSecurityProfiles>
  <Templates />
  <EntityMaps />
  <EntityRelationships />
  <OrganizationSettings />
  <optionsets />
  <WebResources>
    <WebResource>
      <WebResourceId>{063ed302-174d-e911-8137-00155de94905}</WebResourceId>
      <Name>tsp_QuotePdfTemplate.js</Name>
      <DisplayName>QuotePdfTemplate.js</DisplayName>
      <WebResourceType>3</WebResourceType>
      <IntroducedVersion>1.0.0.1</IntroducedVersion>
      <IsEnabledForMobileClient>0</IsEnabledForMobileClient>
      <IsAvailableForMobileOffline>0</IsAvailableForMobileOffline>
      <DependencyXml>&lt;Dependencies&gt;&lt;Dependency componentType="WebResource"/&gt;&lt;/Dependencies&gt;</DependencyXml>
      <IsCustomizable>1</IsCustomizable>
      <CanBeDeleted>1</CanBeDeleted>
      <IsHidden>0</IsHidden>
      <FileName>/WebResources/tsp_QuotePdfTemplatejs063ED302-174D-E911-8137-00155DE94905</FileName>
    </WebResource>
    <WebResource>
      <WebResourceId>{5122d39a-c054-e911-813a-81014188a920}</WebResourceId>
      <Name>tsp_QuoteItemPdfTemplate.js</Name>
      <DisplayName>QuoteItemPdfTemplate.js</DisplayName>
      <WebResourceType>3</WebResourceType>
      <IntroducedVersion>1.0.0.1</IntroducedVersion>
      <IsEnabledForMobileClient>0</IsEnabledForMobileClient>
      <IsAvailableForMobileOffline>0</IsAvailableForMobileOffline>
      <DependencyXml>&lt;Dependencies&gt;&lt;Dependency componentType="WebResource"/&gt;&lt;/Dependencies&gt;</DependencyXml>
      <IsCustomizable>1</IsCustomizable>
      <CanBeDeleted>1</CanBeDeleted>
      <IsHidden>0</IsHidden>
      <FileName>/WebResources/tsp_QuoteItemPdfTemplatejs5122D39A-C054-E911-813A-81014188A920</FileName>
    </WebResource>
  </WebResources>
  <SolutionPluginAssemblies>
    <PluginAssembly FullName="360Plus.Workflow, Version=1.0.0.0, Culture=neutral, PublicKeyToken=11711a28544564f8" CustomizationLevel="1">
      <IsolationMode>1</IsolationMode>
      <SourceType>0</SourceType>
      <IntroducedVersion>1.0</IntroducedVersion>
      <FileName>/PluginAssemblies/360PlusWorkflow-056F0DB0-EAA0-4D6D-BC79-10D932DCBAFB/360PlusWorkflow.dll</FileName>
      <PluginTypes>
        <PluginType AssemblyQualifiedName="_360Plus.Workflow.Entities.Quote.Html2PdfReport_onprem, 360Plus.Workflow, Version=1.0.0.0, Culture=neutral, PublicKeyToken=11711a28544564f8" Name="Attache Quote Pdf Report to origin Opportunity">
          <FriendlyName>af77e03a-5df0-40b8-8366-c38ea2be45e6</FriendlyName>
          <WorkflowActivityGroupName>360Plus.Workflow (1.0.0.0)</WorkflowActivityGroupName>
        </PluginType>
      </PluginTypes>
    </PluginAssembly>
  </SolutionPluginAssemblies>
  <Languages>
    <Language>1033</Language>
  </Languages>
</ImportExportXml>