<ImportExportXml xmlns:xsi="http://www.w3.org/2001/XMLSchema-instance">
  <Entities></Entities>
  <Roles></Roles>
  <Workflows></Workflows>
  <FieldSecurityProfiles></FieldSecurityProfiles>
  <Templates />
  <EntityMaps />
  <EntityRelationships />
  <OrganizationSettings />
  <optionsets />
  <SolutionPluginAssemblies>
    <PluginAssembly FullName="360PlusPlugin, Version=1.0.0.0, Culture=neutral, PublicKeyToken=3db32fa78b3c39e6" CustomizationLevel="1">
      <IsolationMode>1</IsolationMode>
      <SourceType>0</SourceType>
      <IntroducedVersion>1.0</IntroducedVersion>
      <FileName>/PluginAssemblies/360PlusPlugin-6812CDE6-A344-45C3-9950-0743C9467844/360PlusPlugin.dll</FileName>
      <PluginTypes>
        <PluginType AssemblyQualifiedName="_360PlusPlugin.Entities.Account.AccountIntoSpire, 360PlusPlugin, Version=1.0.0.0, Culture=neutral, PublicKeyToken=3db32fa78b3c39e6" Name="_360PlusPlugin.Entities.Account.AccountIntoSpire">
          <FriendlyName>28753d2a-88db-42ce-bd1e-766e95b9447d</FriendlyName>
        </PluginType>
        <PluginType AssemblyQualifiedName="_360PlusPlugin.Entities.Contact.ContactIntoSpire, 360PlusPlugin, Version=1.0.0.0, Culture=neutral, PublicKeyToken=3db32fa78b3c39e6" Name="_360PlusPlugin.Entities.Contact.ContactIntoSpire">
          <FriendlyName>965cd7fd-55fd-42ed-9c0c-a6c95470e09c</FriendlyName>
        </PluginType>
        <PluginType AssemblyQualifiedName="_360PlusPlugin.Entities.Opportunity.Opportunity_SetStateDynamicEntity, 360PlusPlugin, Version=1.0.0.0, Culture=neutral, PublicKeyToken=3db32fa78b3c39e6" Name="_360PlusPlugin.Entities.Opportunity.Opportunity_SetStateDynamicEntity">
          <FriendlyName>fd3f835e-4a84-418c-9326-29018ba2e19c</FriendlyName>
        </PluginType>
      </PluginTypes>
    </PluginAssembly>
  </SolutionPluginAssemblies>
  <SdkMessageProcessingSteps>
    <SdkMessageProcessingStep Name="_360PlusPlugin.Entities.Account.AccountIntoSpire: Create of account" SdkMessageProcessingStepId="{62a4382f-d24c-e911-941b-00155d259607}">
      <PluginTypeName>_360PlusPlugin.Entities.Account.AccountIntoSpire, 360PlusPlugin, Version=1.0.0.0, Culture=neutral, PublicKeyToken=3db32fa78b3c39e6</PluginTypeName>
      <PrimaryEntity>account</PrimaryEntity>
      <AsyncAutoDelete>0</AsyncAutoDelete>
      <Description>_360PlusPlugin.Entities.Account.AccountIntoSpire: Create of account</Description>
      <FilteringAttributes></FilteringAttributes>
      <InvocationSource>1</InvocationSource>
      <Mode>0</Mode>
      <Rank>1</Rank>
      <SdkMessageId>{9ebdbb1b-ea3e-db11-86a7-000a3a5473e8}</SdkMessageId>
      <EventHandlerTypeCode>4602</EventHandlerTypeCode>
      <Stage>40</Stage>
      <IsCustomizable>1</IsCustomizable>
      <IsHidden>0</IsHidden>
      <SupportedDeployment>0</SupportedDeployment>
      <IntroducedVersion>1.0</IntroducedVersion>
      <SdkMessageProcessingStepImages />
    </SdkMessageProcessingStep>
    <SdkMessageProcessingStep Name="_360PlusPlugin.Entities.Account.AccountIntoSpire: Create of customeraddress" SdkMessageProcessingStepId="{3bbcf6d5-064d-e911-941b-00155d259607}">
      <PluginTypeName>_360PlusPlugin.Entities.Account.AccountIntoSpire, 360PlusPlugin, Version=1.0.0.0, Culture=neutral, PublicKeyToken=3db32fa78b3c39e6</PluginTypeName>
      <PrimaryEntity>customeraddress</PrimaryEntity>
      <AsyncAutoDelete>0</AsyncAutoDelete>
      <Description>_360PlusPlugin.Entities.Account.AccountIntoSpire: Create of customeraddress</Description>
      <FilteringAttributes></FilteringAttributes>
      <InvocationSource>1</InvocationSource>
      <Mode>0</Mode>
      <Rank>1</Rank>
      <SdkMessageId>{9ebdbb1b-ea3e-db11-86a7-000a3a5473e8}</SdkMessageId>
      <EventHandlerTypeCode>4602</EventHandlerTypeCode>
      <Stage>40</Stage>
      <IsCustomizable>1</IsCustomizable>
      <IsHidden>0</IsHidden>
      <SupportedDeployment>0</SupportedDeployment>
      <IntroducedVersion>1.0</IntroducedVersion>
      <SdkMessageProcessingStepImages />
    </SdkMessageProcessingStep>
    <SdkMessageProcessingStep Name="_360PlusPlugin.Entities.Account.AccountIntoSpire: Update of account" SdkMessageProcessingStepId="{3f341eeb-d14c-e911-941b-00155d259607}">
      <PluginTypeName>_360PlusPlugin.Entities.Account.AccountIntoSpire, 360PlusPlugin, Version=1.0.0.0, Culture=neutral, PublicKeyToken=3db32fa78b3c39e6</PluginTypeName>
      <PrimaryEntity>account</PrimaryEntity>
      <AsyncAutoDelete>0</AsyncAutoDelete>
      <Description>_360PlusPlugin.Entities.Account.AccountIntoSpire: Update of account</Description>
      <FilteringAttributes>accountratingcode,address1_composite,address1_addresstypecode,address1_city,address1_country,address1_county,address1_fax,address1_freighttermscode,address1_latitude,address1_longitude,address1_name,address1_postofficebox,address1_primarycontactname,address1_shippingmethodcode,address1_stateorprovince,address1_line1,address1_line2,address1_line3,address1_telephone2,address1_telephone3,address1_upszone,address1_utcoffset,address1_postalcode,address2_composite,address2_addresstypecode,address2_city,address2_country,address2_county,address2_fax,address2_freighttermscode,address2_latitude,address2_longitude,address2_name,address2_postofficebox,address2_primarycontactname,address2_shippingmethodcode,address2_stateorprovince,address2_line1,address2_line2,address2_line3,address2_telephone1,address2_telephone2,address2_telephone3,address2_upszone,address2_utcoffset,address2_postalcode,address1_telephone1,aging30,aging30_base,aging60,aging60_base,aging90,aging90_base,revenue,revenue_base,tsp_applyfinancecharges,businesstypecode,accountcategorycode,accountclassificationcode,tsp_country,creditonhold,creditlimit,creditlimit_base,tsp_credittype,transactioncurrencyid,customersizecode,tsp_defaultwarehouse,description,donotbulkemail,donotbulkpostalmail,donotemail,donotfax,donotpostalmail,donotphone,emailaddress1,emailaddress2,emailaddress3,exchangerate,fax,followemail,ftpsiteurl,importsequencenumber,industrycode,tsp_invoicemethod,lastusedincampaign,tsp_lastinvoice,lastonholdtime,slainvokedid,telephone1,marketcap,marketcap_base,marketingonly,masterid,merged,tsp_misc,numberofemployees,onholdtime,opendeals,opendeals_date,opendeals_state,openrevenue,openrevenue_base,openrevenue_date,openrevenue_state,originatingleadid,telephone2,ownerid,ownershipcode,owningbusinessunit,owningteam,owninguser,parentaccountid,participatesinworkflow,paymenttermscode,preferredappointmentdaycode,preferredequipmentid,preferredcontactmethodcode,preferredserviceid,preferredappointmenttimecode,preferredsystemuserid,tsp_pricelevel,defaultpricelevelid,primarysatoriid,primarytwitterid,overriddencreatedon,tsp_reference,customertypecode,donotsendmm,sharesoutstanding,shippingmethodcode,sic,slaid,tsp_specialcode,tsp_statementmethod,statecode,statuscode,stockexchange,telephone3,territoryid,territorycode,tickersymbol,timespentbymeonemailandmeetings,timezoneruleversionnumber,traversedpath,utcconversiontimezonecode,websiteurl,yominame</FilteringAttributes>
      <InvocationSource>1</InvocationSource>
      <Mode>0</Mode>
      <Rank>1</Rank>
      <SdkMessageId>{20bebb1b-ea3e-db11-86a7-000a3a5473e8}</SdkMessageId>
      <EventHandlerTypeCode>4602</EventHandlerTypeCode>
      <Stage>40</Stage>
      <IsCustomizable>1</IsCustomizable>
      <IsHidden>0</IsHidden>
      <SupportedDeployment>0</SupportedDeployment>
      <IntroducedVersion>1.0</IntroducedVersion>
      <SdkMessageProcessingStepImages />
    </SdkMessageProcessingStep>
    <SdkMessageProcessingStep Name="_360PlusPlugin.Entities.Account.AccountIntoSpire: Update of customeraddress" SdkMessageProcessingStepId="{ae6477d0-2a4f-e911-941c-00155d259607}">
      <PluginTypeName>_360PlusPlugin.Entities.Account.AccountIntoSpire, 360PlusPlugin, Version=1.0.0.0, Culture=neutral, PublicKeyToken=3db32fa78b3c39e6</PluginTypeName>
      <PrimaryEntity>customeraddress</PrimaryEntity>
      <AsyncAutoDelete>0</AsyncAutoDelete>
      <Description>_360PlusPlugin.Entities.Account.AccountIntoSpire: Update of customeraddress</Description>
      <FilteringAttributes>tsp_accountingcontactemail,tsp_accountingcontactfax,tsp_accountingcontactname,tsp_accountingcontactphone,tsp_accountingfirstname,name,city,tsp_coutry,country,tsp_email,fax,primarycontactname,tsp_maincontactemail,tsp_maincontactfax,tsp_maincontactname,tsp_maincontactphone,tsp_mainfirstname,telephone1,tsp_salescontactphone,tsp_salescontactemail,tsp_salescontactfax,tsp_salescontactname,tsp_salesfirstname,stateorprovince,line1,line2,line3,postalcode</FilteringAttributes>
      <InvocationSource>1</InvocationSource>
      <Mode>0</Mode>
      <Rank>1</Rank>
      <SdkMessageId>{20bebb1b-ea3e-db11-86a7-000a3a5473e8}</SdkMessageId>
      <EventHandlerTypeCode>4602</EventHandlerTypeCode>
      <Stage>40</Stage>
      <IsCustomizable>1</IsCustomizable>
      <IsHidden>0</IsHidden>
      <SupportedDeployment>0</SupportedDeployment>
      <IntroducedVersion>1.0</IntroducedVersion>
      <SdkMessageProcessingStepImages />
    </SdkMessageProcessingStep>
    <SdkMessageProcessingStep Name="_360PlusPlugin.Entities.Contact.ContactIntoSpire: Create of contact" SdkMessageProcessingStepId="{92655c95-f457-e911-9422-00155d259607}">
      <PluginTypeName>_360PlusPlugin.Entities.Contact.ContactIntoSpire, 360PlusPlugin, Version=1.0.0.0, Culture=neutral, PublicKeyToken=3db32fa78b3c39e6</PluginTypeName>
      <PrimaryEntity>contact</PrimaryEntity>
      <AsyncAutoDelete>0</AsyncAutoDelete>
      <Description>_360PlusPlugin.Entities.Contact.ContactIntoSpire: Create of contact</Description>
      <FilteringAttributes></FilteringAttributes>
      <InvocationSource>1</InvocationSource>
      <Mode>0</Mode>
      <Rank>1</Rank>
      <SdkMessageId>{9ebdbb1b-ea3e-db11-86a7-000a3a5473e8}</SdkMessageId>
      <EventHandlerTypeCode>4602</EventHandlerTypeCode>
      <Stage>40</Stage>
      <IsCustomizable>1</IsCustomizable>
      <IsHidden>0</IsHidden>
      <SupportedDeployment>0</SupportedDeployment>
      <IntroducedVersion>1.0</IntroducedVersion>
      <SdkMessageProcessingStepImages>
        <SdkMessageProcessingStepImage Name="Traget">
          <SdkMessageProcessingStepImageId>{6ac411f9-895c-e911-9425-00155d259607}</SdkMessageProcessingStepImageId>
          <Attributes></Attributes>
          <EntityAlias>Target</EntityAlias>
          <ImageType>1</ImageType>
          <MessagePropertyName>Id</MessagePropertyName>
          <IsCustomizable>1</IsCustomizable>
        </SdkMessageProcessingStepImage>
      </SdkMessageProcessingStepImages>
    </SdkMessageProcessingStep>
    <SdkMessageProcessingStep Name="_360PlusPlugin.Entities.Contact.ContactIntoSpire: Update of contact" SdkMessageProcessingStepId="{603f228c-6d5a-e911-9423-00155d259607}">
      <PluginTypeName>_360PlusPlugin.Entities.Contact.ContactIntoSpire, 360PlusPlugin, Version=1.0.0.0, Culture=neutral, PublicKeyToken=3db32fa78b3c39e6</PluginTypeName>
      <PrimaryEntity>contact</PrimaryEntity>
      <AsyncAutoDelete>0</AsyncAutoDelete>
      <Description>_360PlusPlugin.Entities.Contact.ContactIntoSpire: Update of contact</Description>
      <FilteringAttributes>emailaddress1,fax,firstname,fullname,lastname,mobilephone,tsp_contacttospire</FilteringAttributes>
      <InvocationSource>1</InvocationSource>
      <Mode>0</Mode>
      <Rank>1</Rank>
      <SdkMessageId>{20bebb1b-ea3e-db11-86a7-000a3a5473e8}</SdkMessageId>
      <EventHandlerTypeCode>4602</EventHandlerTypeCode>
      <Stage>40</Stage>
      <IsCustomizable>1</IsCustomizable>
      <IsHidden>0</IsHidden>
      <SupportedDeployment>0</SupportedDeployment>
      <IntroducedVersion>1.0</IntroducedVersion>
      <SdkMessageProcessingStepImages>
        <SdkMessageProcessingStepImage Name="Target">
          <SdkMessageProcessingStepImageId>{b5b90c01-8a5c-e911-9425-00155d259607}</SdkMessageProcessingStepImageId>
          <Attributes></Attributes>
          <EntityAlias>Target</EntityAlias>
          <ImageType>1</ImageType>
          <MessagePropertyName>Target</MessagePropertyName>
          <IsCustomizable>1</IsCustomizable>
        </SdkMessageProcessingStepImage>
      </SdkMessageProcessingStepImages>
    </SdkMessageProcessingStep>
    <SdkMessageProcessingStep Name="_360PlusPlugin.Entities.Opportunity.Opportunity_SetStateDynamicEntity: SetState of opportunityclose" SdkMessageProcessingStepId="{ec0aa608-bb51-e911-941d-00155d259607}">
      <PluginTypeName>_360PlusPlugin.Entities.Opportunity.Opportunity_SetStateDynamicEntity, 360PlusPlugin, Version=1.0.0.0, Culture=neutral, PublicKeyToken=3db32fa78b3c39e6</PluginTypeName>
      <PrimaryEntity>opportunity</PrimaryEntity>
      <AsyncAutoDelete>0</AsyncAutoDelete>
      <Description>_360PlusPlugin.Entities.Opportunity.Opportunity_SetStateDynamicEntity: SetState of opportunityclose</Description>
      <FilteringAttributes></FilteringAttributes>
      <InvocationSource>0</InvocationSource>
      <Mode>0</Mode>
      <Rank>1</Rank>
      <SdkMessageId>{27bebb1b-ea3e-db11-86a7-000a3a5473e8}</SdkMessageId>
      <EventHandlerTypeCode>4602</EventHandlerTypeCode>
      <Stage>20</Stage>
      <IsCustomizable>1</IsCustomizable>
      <IsHidden>0</IsHidden>
      <SupportedDeployment>0</SupportedDeployment>
      <IntroducedVersion>1.0</IntroducedVersion>
      <SdkMessageProcessingStepImages />
    </SdkMessageProcessingStep>
  </SdkMessageProcessingSteps>
  <Languages>
    <Language>1033</Language>
  </Languages>
</ImportExportXml>