<ImportExportXml version="8.2.0000.0749" SolutionPackageVersion="8.2" languagecode="1033" generatedBy="OnPremise" xmlns:xsi="http://www.w3.org/2001/XMLSchema-instance">
  <SolutionManifest>
    <UniqueName>PluginSolution</UniqueName>
    <LocalizedNames>
      <LocalizedName description="PluginSolution" languagecode="1033" />
    </LocalizedNames>
    <Descriptions />
    <Version>1.0.0.0</Version>
    <Managed>0</Managed>
    <Publisher>
      <UniqueName>plusdev</UniqueName>
      <LocalizedNames>
        <LocalizedName description="PlusDev" languagecode="1033" />
      </LocalizedNames>
      <Descriptions />
      <EMailAddress>info@360plus.ca</EMailAddress>
      <SupportingWebsiteUrl>http://www.360plus.ca</SupportingWebsiteUrl>
      <CustomizationPrefix>tsp</CustomizationPrefix>
      <CustomizationOptionValuePrefix>86591</CustomizationOptionValuePrefix>
      <Addresses>
        <Address>
          <AddressNumber>1</AddressNumber>
          <AddressTypeCode>1</AddressTypeCode>
          <City xsi:nil="true"></City>
          <County xsi:nil="true"></County>
          <Country xsi:nil="true"></Country>
          <Fax xsi:nil="true"></Fax>
          <FreightTermsCode xsi:nil="true"></FreightTermsCode>
          <ImportSequenceNumber xsi:nil="true"></ImportSequenceNumber>
          <Latitude xsi:nil="true"></Latitude>
          <Line1 xsi:nil="true"></Line1>
          <Line2 xsi:nil="true"></Line2>
          <Line3 xsi:nil="true"></Line3>
          <Longitude xsi:nil="true"></Longitude>
          <Name xsi:nil="true"></Name>
          <PostalCode xsi:nil="true"></PostalCode>
          <PostOfficeBox xsi:nil="true"></PostOfficeBox>
          <PrimaryContactName xsi:nil="true"></PrimaryContactName>
          <ShippingMethodCode>1</ShippingMethodCode>
          <StateOrProvince xsi:nil="true"></StateOrProvince>
          <Telephone1>647-800-3132</Telephone1>
          <Telephone2 xsi:nil="true"></Telephone2>
          <Telephone3 xsi:nil="true"></Telephone3>
          <TimeZoneRuleVersionNumber xsi:nil="true"></TimeZoneRuleVersionNumber>
          <UPSZone xsi:nil="true"></UPSZone>
          <UTCOffset xsi:nil="true"></UTCOffset>
          <UTCConversionTimeZoneCode xsi:nil="true"></UTCConversionTimeZoneCode>
        </Address>
        <Address>
          <AddressNumber>2</AddressNumber>
          <AddressTypeCode>1</AddressTypeCode>
          <City xsi:nil="true"></City>
          <County xsi:nil="true"></County>
          <Country xsi:nil="true"></Country>
          <Fax xsi:nil="true"></Fax>
          <FreightTermsCode xsi:nil="true"></FreightTermsCode>
          <ImportSequenceNumber xsi:nil="true"></ImportSequenceNumber>
          <Latitude xsi:nil="true"></Latitude>
          <Line1 xsi:nil="true"></Line1>
          <Line2 xsi:nil="true"></Line2>
          <Line3 xsi:nil="true"></Line3>
          <Longitude xsi:nil="true"></Longitude>
          <Name xsi:nil="true"></Name>
          <PostalCode xsi:nil="true"></PostalCode>
          <PostOfficeBox xsi:nil="true"></PostOfficeBox>
          <PrimaryContactName xsi:nil="true"></PrimaryContactName>
          <ShippingMethodCode>1</ShippingMethodCode>
          <StateOrProvince xsi:nil="true"></StateOrProvince>
          <Telephone1 xsi:nil="true"></Telephone1>
          <Telephone2 xsi:nil="true"></Telephone2>
          <Telephone3 xsi:nil="true"></Telephone3>
          <TimeZoneRuleVersionNumber xsi:nil="true"></TimeZoneRuleVersionNumber>
          <UPSZone xsi:nil="true"></UPSZone>
          <UTCOffset xsi:nil="true"></UTCOffset>
          <UTCConversionTimeZoneCode xsi:nil="true"></UTCConversionTimeZoneCode>
        </Address>
      </Addresses>
    </Publisher>
    <RootComponents>
      <RootComponent type="91" schemaName="360PlusPlugin, Version=1.0.0.0, Culture=neutral, PublicKeyToken=3db32fa78b3c39e6" behavior="0" />
      <RootComponent type="92" id="{3bbcf6d5-064d-e911-941b-00155d259607}" behavior="0" />
      <RootComponent type="92" id="{3f341eeb-d14c-e911-941b-00155d259607}" behavior="0" />
      <RootComponent type="92" id="{603f228c-6d5a-e911-9423-00155d259607}" behavior="0" />
      <RootComponent type="92" id="{62a4382f-d24c-e911-941b-00155d259607}" behavior="0" />
      <RootComponent type="92" id="{92655c95-f457-e911-9422-00155d259607}" behavior="0" />
      <RootComponent type="92" id="{ae6477d0-2a4f-e911-941c-00155d259607}" behavior="0" />
      <RootComponent type="92" id="{ec0aa608-bb51-e911-941d-00155d259607}" behavior="0" />
    </RootComponents>
    <MissingDependencies>
      <MissingDependency>
        <Required key="0" type="10" schemaName="tsp_tsp_warehouse_account_DefaultWarehouse" displayName="tsp_tsp_warehouse_account_DefaultWarehouse" parentSchemaName="account" parentDisplayName="Account" solution="Active" />
        <Dependent key="1" type="2" schemaName="tsp_defaultwarehouse" displayName="Default Warehouse" parentSchemaName="account" parentDisplayName="Account" />
      </MissingDependency>
      <MissingDependency>
        <Required key="2" type="10" schemaName="tsp_tsp_country_account_Country" displayName="tsp_tsp_country_account_Country" parentSchemaName="account" parentDisplayName="Account" solution="Active" />
        <Dependent key="3" type="2" schemaName="tsp_country" displayName="Country" parentSchemaName="account" parentDisplayName="Account" />
      </MissingDependency>
      <MissingDependency>
        <Required key="4" type="9" schemaName="tsp_credittype" displayName="creditType" solution="Active" />
        <Dependent key="5" type="2" schemaName="tsp_credittype" displayName="Credit Type" parentSchemaName="account" parentDisplayName="Account" />
      </MissingDependency>
      <MissingDependency>
        <Required key="6" type="9" schemaName="tsp_invoicestatementmethod" displayName="Invoice/Statement Method" solution="Active" />
        <Dependent key="7" type="2" schemaName="tsp_statementmethod" displayName="Statement Method" parentSchemaName="account" parentDisplayName="Account" />
      </MissingDependency>
      <MissingDependency>
        <Required key="6" type="9" schemaName="tsp_invoicestatementmethod" displayName="Invoice/Statement Method" solution="Active" />
        <Dependent key="8" type="2" schemaName="tsp_invoicemethod" displayName="Invoice Method" parentSchemaName="account" parentDisplayName="Account" />
      </MissingDependency>
      <MissingDependency>
        <Required key="9" type="2" schemaName="tsp_coutry" displayName="Country" parentSchemaName="customeraddress" parentDisplayName="Address" solution="Active" />
        <Dependent key="10" type="92" displayName="_360PlusPlugin.Entities.Account.AccountIntoSpire: Update of customeraddress" id="{ae6477d0-2a4f-e911-941c-00155d259607}" />
      </MissingDependency>
      <MissingDependency>
        <Required key="11" type="2" schemaName="tsp_pricelevel" displayName="Price Level" parentSchemaName="account" parentDisplayName="Account" solution="Active" />
        <Dependent key="12" type="92" displayName="_360PlusPlugin.Entities.Account.AccountIntoSpire: Update of account" id="{3f341eeb-d14c-e911-941b-00155d259607}" />
      </MissingDependency>
      <MissingDependency>
        <Required key="13" type="2" schemaName="tsp_salesfirstname" displayName="Sales First Name" parentSchemaName="customeraddress" parentDisplayName="Address" solution="Active" />
        <Dependent key="10" type="92" displayName="_360PlusPlugin.Entities.Account.AccountIntoSpire: Update of customeraddress" id="{ae6477d0-2a4f-e911-941c-00155d259607}" />
      </MissingDependency>
      <MissingDependency>
        <Required key="14" type="2" schemaName="tsp_mainfirstname" displayName="Main First Name" parentSchemaName="customeraddress" parentDisplayName="Address" solution="Active" />
        <Dependent key="10" type="92" displayName="_360PlusPlugin.Entities.Account.AccountIntoSpire: Update of customeraddress" id="{ae6477d0-2a4f-e911-941c-00155d259607}" />
      </MissingDependency>
      <MissingDependency>
        <Required key="15" type="2" schemaName="tsp_accountingfirstname" displayName="Accounting First Name" parentSchemaName="customeraddress" parentDisplayName="Address" solution="Active" />
        <Dependent key="10" type="92" displayName="_360PlusPlugin.Entities.Account.AccountIntoSpire: Update of customeraddress" id="{ae6477d0-2a4f-e911-941c-00155d259607}" />
      </MissingDependency>
      <MissingDependency>
        <Required key="16" type="2" schemaName="tsp_contacttospire" displayName="Spire Contact" parentSchemaName="contact" parentDisplayName="Contact" solution="Active" />
        <Dependent key="17" type="92" displayName="_360PlusPlugin.Entities.Contact.ContactIntoSpire: Update of contact" id="{603f228c-6d5a-e911-9423-00155d259607}" />
      </MissingDependency>
    </MissingDependencies>
  </SolutionManifest>
</ImportExportXml>