<ImportExportXml version="8.2.0000.0749" SolutionPackageVersion="8.2" languagecode="1033" generatedBy="OnPremise" xmlns:xsi="http://www.w3.org/2001/XMLSchema-instance">
  <SolutionManifest>
    <UniqueName>PlusDev</UniqueName>
    <LocalizedNames>
      <LocalizedName description="PlusDevEntities" languagecode="1033" />
    </LocalizedNames>
    <Descriptions />
    <Version>1.0.0.0</Version>
    <Managed>0</Managed>
    <Publisher>
      <UniqueName>plusdev</UniqueName>
      <LocalizedNames>
        <LocalizedName description="PlusDev" languagecode="1033" />
      </LocalizedNames>
      <Descriptions />
      <EMailAddress>info@360plus.ca</EMailAddress>
      <SupportingWebsiteUrl>http://www.360plus.ca</SupportingWebsiteUrl>
      <CustomizationPrefix>tsp</CustomizationPrefix>
      <CustomizationOptionValuePrefix>86591</CustomizationOptionValuePrefix>
      <Addresses>
        <Address>
          <AddressNumber>1</AddressNumber>
          <AddressTypeCode>1</AddressTypeCode>
          <City xsi:nil="true"></City>
          <County xsi:nil="true"></County>
          <Country xsi:nil="true"></Country>
          <Fax xsi:nil="true"></Fax>
          <FreightTermsCode xsi:nil="true"></FreightTermsCode>
          <ImportSequenceNumber xsi:nil="true"></ImportSequenceNumber>
          <Latitude xsi:nil="true"></Latitude>
          <Line1 xsi:nil="true"></Line1>
          <Line2 xsi:nil="true"></Line2>
          <Line3 xsi:nil="true"></Line3>
          <Longitude xsi:nil="true"></Longitude>
          <Name xsi:nil="true"></Name>
          <PostalCode xsi:nil="true"></PostalCode>
          <PostOfficeBox xsi:nil="true"></PostOfficeBox>
          <PrimaryContactName xsi:nil="true"></PrimaryContactName>
          <ShippingMethodCode>1</ShippingMethodCode>
          <StateOrProvince xsi:nil="true"></StateOrProvince>
          <Telephone1>647-800-3132</Telephone1>
          <Telephone2 xsi:nil="true"></Telephone2>
          <Telephone3 xsi:nil="true"></Telephone3>
          <TimeZoneRuleVersionNumber xsi:nil="true"></TimeZoneRuleVersionNumber>
          <UPSZone xsi:nil="true"></UPSZone>
          <UTCOffset xsi:nil="true"></UTCOffset>
          <UTCConversionTimeZoneCode xsi:nil="true"></UTCConversionTimeZoneCode>
        </Address>
        <Address>
          <AddressNumber>2</AddressNumber>
          <AddressTypeCode>1</AddressTypeCode>
          <City xsi:nil="true"></City>
          <County xsi:nil="true"></County>
          <Country xsi:nil="true"></Country>
          <Fax xsi:nil="true"></Fax>
          <FreightTermsCode xsi:nil="true"></FreightTermsCode>
          <ImportSequenceNumber xsi:nil="true"></ImportSequenceNumber>
          <Latitude xsi:nil="true"></Latitude>
          <Line1 xsi:nil="true"></Line1>
          <Line2 xsi:nil="true"></Line2>
          <Line3 xsi:nil="true"></Line3>
          <Longitude xsi:nil="true"></Longitude>
          <Name xsi:nil="true"></Name>
          <PostalCode xsi:nil="true"></PostalCode>
          <PostOfficeBox xsi:nil="true"></PostOfficeBox>
          <PrimaryContactName xsi:nil="true"></PrimaryContactName>
          <ShippingMethodCode>1</ShippingMethodCode>
          <StateOrProvince xsi:nil="true"></StateOrProvince>
          <Telephone1 xsi:nil="true"></Telephone1>
          <Telephone2 xsi:nil="true"></Telephone2>
          <Telephone3 xsi:nil="true"></Telephone3>
          <TimeZoneRuleVersionNumber xsi:nil="true"></TimeZoneRuleVersionNumber>
          <UPSZone xsi:nil="true"></UPSZone>
          <UTCOffset xsi:nil="true"></UTCOffset>
          <UTCConversionTimeZoneCode xsi:nil="true"></UTCConversionTimeZoneCode>
        </Address>
      </Addresses>
    </Publisher>
    <RootComponents>
      <RootComponent type="1" schemaName="account" behavior="0" />
      <RootComponent type="1" schemaName="campaign" behavior="0" />
      <RootComponent type="1" schemaName="contact" behavior="0" />
      <RootComponent type="1" schemaName="customeraddress" behavior="0" />
      <RootComponent type="1" schemaName="lead" behavior="0" />
      <RootComponent type="1" schemaName="opportunity" behavior="0" />
      <RootComponent type="1" schemaName="product" behavior="0" />
      <RootComponent type="1" schemaName="tsp_accountaddresses" behavior="0" />
      <RootComponent type="1" schemaName="tsp_configuration" behavior="0" />
      <RootComponent type="1" schemaName="tsp_country" behavior="0" />
      <RootComponent type="1" schemaName="tsp_warehouse" behavior="0" />
      <RootComponent type="9" schemaName="tsp_contacttype" behavior="0" />
      <RootComponent type="9" schemaName="tsp_country" behavior="0" />
      <RootComponent type="9" schemaName="tsp_credittype" behavior="0" />
      <RootComponent type="9" schemaName="tsp_invoicestatementmethod" behavior="0" />
      <RootComponent type="9" schemaName="tsp_sellpricelevel" behavior="0" />
      <RootComponent type="9" schemaName="tsp_shipmethod" behavior="0" />
      <RootComponent type="60" id="{15915835-b87c-49ec-9ffc-bfac3ac44ef1}" behavior="0" />
      <RootComponent type="60" id="{1fed44d1-ae68-4a41-bd2b-f13acac4acfa}" behavior="0" />
      <RootComponent type="60" id="{2701de60-8f2a-48a4-8262-4a35ca7441fa}" behavior="0" />
      <RootComponent type="60" id="{45f88f83-0e67-443b-bd05-81d49719f6b1}" behavior="0" />
      <RootComponent type="60" id="{6356ff2a-bbbe-49fb-9da2-160b08865688}" behavior="0" />
      <RootComponent type="60" id="{661157fe-2fc9-4eaa-835f-5bfa2f7b64f7}" behavior="0" />
      <RootComponent type="60" id="{69fe52b1-4ce6-43c8-944b-e71929f2b524}" behavior="0" />
      <RootComponent type="60" id="{6bb6a41a-129b-4261-b3cd-e37024dcdf3f}" behavior="0" />
      <RootComponent type="60" id="{70ad8b15-e3f3-4d7d-9e4b-16cb4e51b484}" behavior="0" />
      <RootComponent type="60" id="{8448b78f-8f42-454e-8e2a-f8196b0419af}" behavior="0" />
      <RootComponent type="60" id="{9de6d9a5-7863-df11-ae90-00155d2e3002}" behavior="0" />
      <RootComponent type="60" id="{a640be62-63f6-4027-90d7-48c014a7c6f3}" behavior="0" />
      <RootComponent type="60" id="{a837e4a7-01b8-4f82-a475-be9abd67e667}" behavior="0" />
      <RootComponent type="60" id="{c9e7ec2d-efca-4e4c-b3e3-f63c4bba5e4b}" behavior="0" />
      <RootComponent type="60" id="{cbdfb12d-6114-4e06-8e13-143a43956528}" behavior="0" />
      <RootComponent type="60" id="{d1f511a8-1ead-e211-bb72-00155da9a201}" behavior="0" />
      <RootComponent type="60" id="{df5bef3a-9237-40bd-a27c-2cd7fd434706}" behavior="0" />
      <RootComponent type="60" id="{e3b6ddb7-8df0-4410-ac7b-fd32e5053d38}" behavior="0" />
      <RootComponent type="60" id="{e3c588ee-8e11-49da-a5fe-3800f3f683de}" behavior="0" />
      <RootComponent type="60" id="{fcaf3dd6-851e-43fd-a19e-81d8051457da}" behavior="0" />
      <RootComponent type="61" schemaName="tsp_accountMain" behavior="0" />
      <RootComponent type="61" schemaName="tsp_Address" behavior="0" />
      <RootComponent type="61" schemaName="tsp_CaseIcon" behavior="0" />
      <RootComponent type="61" schemaName="tsp_Common" behavior="0" />
      <RootComponent type="61" schemaName="tsp_CountryAddOptionSetValues" behavior="0" />
      <RootComponent type="61" schemaName="tsp_green" behavior="0" />
      <RootComponent type="61" schemaName="tsp_MainOpportunity" behavior="0" />
      <RootComponent type="61" schemaName="tsp_red" behavior="0" />
      <RootComponent type="61" schemaName="tsp_yellow" behavior="0" />
    </RootComponents>
    <MissingDependencies>
      <MissingDependency>
        <Required key="1" type="61" schemaName="tsp_QuickFormFix" displayName="tsp_QuickFormFix" solution="Active" />
        <Dependent key="2" type="60" displayName="Contact Quick Create" parentDisplayName="Contact" id="{661157fe-2fc9-4eaa-835f-5bfa2f7b64f7}" />
      </MissingDependency>
      <MissingDependency>
        <Required key="3" type="61" schemaName="msdyn_/RecordWall.htm" displayName="msdyn_/RecordWall.htm" solution="ActivityFeedsCore (8.2.0.0)" />
        <Dependent key="4" type="60" displayName="Information" parentDisplayName="Lead" id="{9886ead0-4fcc-4747-9a18-08e7a9a6de71}" />
      </MissingDependency>
      <MissingDependency>
        <Required key="5" type="61" schemaName="msdyn_/ActivityFeeds.Form.js" displayName="msdyn_/ActivityFeeds.Form.js" solution="ActivityFeedsCore (8.2.0.0)" />
        <Dependent key="4" type="60" displayName="Information" parentDisplayName="Lead" id="{9886ead0-4fcc-4747-9a18-08e7a9a6de71}" />
      </MissingDependency>
      <MissingDependency>
        <Required key="1" type="61" schemaName="tsp_QuickFormFix" displayName="tsp_QuickFormFix" solution="Active" />
        <Dependent key="6" type="60" displayName="Opportunity" parentDisplayName="Opportunity" id="{e3c588ee-8e11-49da-a5fe-3800f3f683de}" />
      </MissingDependency>
      <MissingDependency>
        <Required key="3" type="61" schemaName="msdyn_/RecordWall.htm" displayName="msdyn_/RecordWall.htm" solution="ActivityFeedsCore (8.2.0.0)" />
        <Dependent key="7" type="60" displayName="Information" parentDisplayName="Account" id="{b053a39a-041a-4356-acef-ddf00182762b}" />
      </MissingDependency>
      <MissingDependency>
        <Required key="5" type="61" schemaName="msdyn_/ActivityFeeds.Form.js" displayName="msdyn_/ActivityFeeds.Form.js" solution="ActivityFeedsCore (8.2.0.0)" />
        <Dependent key="7" type="60" displayName="Information" parentDisplayName="Account" id="{b053a39a-041a-4356-acef-ddf00182762b}" />
      </MissingDependency>
      <MissingDependency>
        <Required key="8" type="61" schemaName="tsp_QualifyLeadCustom.js" displayName="tsp_QualifyLeadCustom.js" solution="Active" />
        <Dependent key="9" type="50" schemaName="lead:RibbonDiffXml" parentSchemaName="ribboncustomization" parentDisplayName="Application Ribbons" />
      </MissingDependency>
      <MissingDependency>
        <Required key="8" type="61" schemaName="tsp_QualifyLeadCustom.js" displayName="tsp_QualifyLeadCustom.js" solution="Active" />
        <Dependent key="10" type="60" displayName="Lead" parentDisplayName="Lead" id="{e3b6ddb7-8df0-4410-ac7b-fd32e5053d38}" />
      </MissingDependency>
      <MissingDependency>
        <Required key="3" type="61" schemaName="msdyn_/RecordWall.htm" displayName="msdyn_/RecordWall.htm" solution="ActivityFeedsCore (8.2.0.0)" />
        <Dependent key="11" type="60" displayName="Information" parentDisplayName="Contact" id="{894cc46a-b0cb-4ab0-8bf6-200544e46a2d}" />
      </MissingDependency>
      <MissingDependency>
        <Required key="5" type="61" schemaName="msdyn_/ActivityFeeds.Form.js" displayName="msdyn_/ActivityFeeds.Form.js" solution="ActivityFeedsCore (8.2.0.0)" />
        <Dependent key="11" type="60" displayName="Information" parentDisplayName="Contact" id="{894cc46a-b0cb-4ab0-8bf6-200544e46a2d}" />
      </MissingDependency>
      <MissingDependency>
        <Required key="3" type="61" schemaName="msdyn_/RecordWall.htm" displayName="msdyn_/RecordWall.htm" solution="ActivityFeedsCore (8.2.0.0)" />
        <Dependent key="12" type="60" displayName="Information" parentDisplayName="Opportunity" id="{a2a56263-ec37-4991-a3b0-e7b37a71d818}" />
      </MissingDependency>
      <MissingDependency>
        <Required key="5" type="61" schemaName="msdyn_/ActivityFeeds.Form.js" displayName="msdyn_/ActivityFeeds.Form.js" solution="ActivityFeedsCore (8.2.0.0)" />
        <Dependent key="12" type="60" displayName="Information" parentDisplayName="Opportunity" id="{a2a56263-ec37-4991-a3b0-e7b37a71d818}" />
      </MissingDependency>
      <MissingDependency>
        <Required key="1" type="61" schemaName="tsp_QuickFormFix" displayName="tsp_QuickFormFix" solution="Active" />
        <Dependent key="13" type="60" displayName="Account Quick Create" parentDisplayName="Account" id="{c9e7ec2d-efca-4e4c-b3e3-f63c4bba5e4b}" />
      </MissingDependency>
    </MissingDependencies>
  </SolutionManifest>
</ImportExportXml>